model,ticker,n,mae,rmse,r2,dir_acc
baseline:company_hist,AAPL,45,0.18618563375439579,0.21932410745447614,-1.6159043878913013,0.8222222222222222
baseline:company_hist,ABBV,49,0.097280242127546,0.14072373480112704,-0.06698304254754395,0.8775510204081632
baseline:company_hist,ABT,49,0.09815654110112584,0.1442810528828867,-0.31911465087927327,0.6326530612244898
baseline:company_hist,ADBE,49,0.07321189409448858,0.09070965328805387,-0.5587835593543842,0.9795918367346939
baseline:company_hist,AMGN,49,0.04860849335705781,0.06482583261691617,-0.023540377155430114,0.7959183673469388
baseline:company_hist,AMT,48,0.22877334787388368,0.37734884354390386,-0.06339180625908392,0.7083333333333334
baseline:company_hist,AMZN,49,0.1132941902452555,0.12571537444058747,-0.46814542718831387,1.0
baseline:company_hist,APD,49,0.09179241607720176,0.12312935582764396,-0.029989565357672276,0.5510204081632653
baseline:company_hist,AVB,44,0.22349069647010447,0.38382312143293534,-0.02226932758609168,0.6818181818181818
baseline:company_hist,BA,49,0.14154954853235807,0.19461296952518553,-0.03295735228589258,0.5714285714285714
baseline:company_hist,BAC,49,0.04762697871256964,0.059802188584440294,-0.025639205421358335,0.6326530612244898
baseline:company_hist,BKNG,49,0.2795753961392764,0.5006001672957595,-0.030645274832545644,0.8775510204081632
baseline:company_hist,BKR,37,0.21048784123018,0.2664307139662363,-0.1767074233957595,0.7297297297297297
baseline:company_hist,BMY,49,0.11777346573236248,0.19935027241792175,-0.17434761047274439,0.7142857142857143
baseline:company_hist,BRK.B,49,0.10026085446793902,0.13551072908646677,-0.18442282100705398,0.673469387755102
baseline:company_hist,C,48,0.07091971196352136,0.08644946533860068,-0.9544525189327924,0.5833333333333334
baseline:company_hist,CAT,49,0.14971128681125936,0.17198296400994884,-0.09113784284294213,0.5510204081632653
baseline:company_hist,CCI,48,0.2762694051656577,0.40247912059661456,-0.13637293964010944,0.6041666666666666
baseline:company_hist,CHTR,46,0.11112603640215073,0.243165704384179,-0.05276832650924135,0.9347826086956522
baseline:company_hist,CL,49,0.04163380825846333,0.04976525188943828,-0.04396448124568253,0.6122448979591837
baseline:company_hist,CMCSA,49,0.08317044356179283,0.09483617073642626,-0.47770600891212833,0.7959183673469388
baseline:company_hist,COP,47,0.3208081068770102,0.48320659382887865,-0.07902848947294916,0.46808510638297873
baseline:company_hist,COST,49,0.039751128744083736,0.050217713686764094,-0.051648547425688696,1.0
baseline:company_hist,CRM,49,0.07821388786885022,0.09440650815264279,-0.2993532421617098,1.0
baseline:company_hist,CSCO,47,0.06193539764109363,0.07422827227470524,-0.27072608037920776,0.5531914893617021
baseline:company_hist,CVX,49,0.24616809030786535,0.35615783690947694,-0.024429007243126577,0.46938775510204084
baseline:company_hist,DD,35,0.2290306725359111,0.3024453609482815,-0.21602557939552502,0.6571428571428571
baseline:company_hist,DE,45,0.15979558994731508,0.18415880042383104,-0.07234960951029623,0.5333333333333333
baseline:company_hist,DIS,25,0.1510343063441549,0.2026123954698349,-0.17591085269116613,0.76
baseline:company_hist,DLR,49,0.09441459784931114,0.10472024032234127,-0.1450331131335878,0.9591836734693877
baseline:company_hist,DOW,29,0.18958919453002618,0.25236784155284,-0.27824391518763814,0.4482758620689655
baseline:company_hist,EA,49,0.11284166531560653,0.16586088562068096,-0.11527534395206707,0.7346938775510204
baseline:company_hist,ECL,49,0.10475103254213462,0.1326090477173639,-1.6335026720769439,0.6530612244897959
baseline:company_hist,EOG,49,0.4035577418099994,0.5728002338109042,-0.03532602092727011,0.5714285714285714
baseline:company_hist,EQIX,49,0.09745798613065884,0.1035138233550302,-0.4810655713573009,0.9795918367346939
baseline:company_hist,EQR,25,0.04501478972676213,0.08046663425546742,-0.10629532688542054,0.8
baseline:company_hist,ETN,46,0.09580849678996606,0.12968326630581922,-0.7137105079024031,0.6956521739130435
baseline:company_hist,F,49,0.08149641824410782,0.13343314710256504,-0.02351160256168261,0.6122448979591837
baseline:company_hist,FCX,49,0.22048756667080593,0.2843290227367008,-0.06824908940743701,0.4897959183673469
baseline:company_hist,GE,45,0.3643704461657461,0.48729621306716425,-0.4759834998359618,0.35555555555555557
baseline:company_hist,GIS,31,0.0532219715971955,0.06971849017433768,-0.087688237316357,0.6129032258064516
baseline:company_hist,GM,49,0.12545131580801724,0.2463885621399529,-0.02605728873631019,0.4897959183673469
baseline:company_hist,GOOGL,42,0.08134619844485556,0.11307647533666917,-0.14240861124193094,0.9761904761904762
baseline:company_hist,GS,49,0.1525871686988068,0.21894216318126658,-0.05357644863976896,0.5102040816326531
baseline:company_hist,HAL,49,0.21114547090964148,0.26389060465784403,-0.11741487915573834,0.5102040816326531
baseline:company_hist,HD,49,0.05169526209752707,0.07556516166015441,-0.06489807413960302,0.8367346938775511
baseline:company_hist,HON,49,0.07736686180489317,0.1263080399983135,-0.034227609887948596,0.5714285714285714
baseline:company_hist,INTC,43,0.08835825388712004,0.12183290959840888,-0.14063739073029868,0.5813953488372093
baseline:company_hist,JNJ,32,0.09924905814600458,0.22529149921924013,-0.057510538319245796,0.8125
baseline:company_hist,JPM,49,0.06486928085588778,0.088253712351681,-0.025102269910071806,0.7346938775510204
baseline:company_hist,KMB,49,0.086700239898192,0.23890238275700892,-0.018251818760145477,0.5306122448979592
baseline:company_hist,KO,26,0.07063337578339854,0.10584749460941487,-0.12540141983514763,0.7307692307692307
baseline:company_hist,LIN,33,0.35013057825929766,0.4327275932982604,-0.15511619843633295,0.7272727272727273
baseline:company_hist,LLY,49,0.14428803594984102,0.19087950488114797,-0.0874046792138572,0.6530612244897959
baseline:company_hist,LMT,49,0.06534665746941093,0.0844021387604577,-0.08876206460491409,0.7755102040816326
baseline:company_hist,LOW,49,0.06575804961425591,0.09276496188773133,-0.0385463326754476,0.7346938775510204
baseline:company_hist,MA,47,0.1259607487203052,0.21805164707407526,-0.031174357751684534,0.8936170212765957
baseline:company_hist,MCD,49,0.0773157555269498,0.11784223649797151,-0.05738820812009715,0.46938775510204084
baseline:company_hist,MDLZ,49,0.06992594003905282,0.08712865861001637,-0.05172927889588741,0.5306122448979592
baseline:company_hist,META,49,0.14996284692647235,0.18914878661744777,-0.10221022441236172,0.9387755102040817
baseline:company_hist,MO,49,0.039730148479550545,0.04665274029345026,-0.37977236542775383,0.3877551020408163
baseline:company_hist,MRK,31,0.26268426542470913,0.3437868904499345,-0.5243334624495215,0.7741935483870968
baseline:company_hist,MS,49,0.1328527015073256,0.18704993663707753,-0.05257635481326606,0.7142857142857143
baseline:company_hist,MSFT,49,0.07798944950695183,0.09045733861733249,-0.15988128930476986,0.8775510204081632
baseline:company_hist,NEM,33,0.19648135778573567,0.2570869173920162,-0.0927717512321824,0.696969696969697
baseline:company_hist,NFLX,49,0.07835546949887401,0.09946382239491572,-0.11632123765248292,1.0
baseline:company_hist,NKE,49,0.07932100547015063,0.1583432711194766,-0.025149366712464927,0.8367346938775511
baseline:company_hist,NUE,37,0.2228059878601885,0.29965056508870336,-0.03175794923658515,0.5135135135135135
baseline:company_hist,NVDA,49,0.42013595528001246,0.6537355052760219,-0.1441403383549631,0.8571428571428571
baseline:company_hist,O,33,0.12211454744360864,0.20983372409167825,-0.058628592578345406,1.0
baseline:company_hist,ORCL,47,0.14501938851113078,0.3946960086315109,-0.032058522512557586,0.8297872340425532
baseline:company_hist,OXY,49,0.33004653932516165,0.4359854199773077,-0.03239316681858995,0.40816326530612246
baseline:company_hist,PEP,49,0.056295992953870194,0.06922523033435005,-0.6842443112454644,0.7142857142857143
baseline:company_hist,PFE,26,0.3541481275753054,0.5299908364942866,-0.05150023681726279,0.46153846153846156
baseline:company_hist,PG,49,0.045882686860000924,0.05767451386169581,-0.04213940989403997,0.4897959183673469
baseline:company_hist,PLD,33,0.17227283540930927,0.22583409206642538,-0.060079635651699936,0.9090909090909091
baseline:company_hist,PSA,49,0.04891645304901162,0.0689721974380881,-0.12123857326233356,1.0
baseline:company_hist,RTX,49,0.11269762900126588,0.16257931025837785,-0.02691501022745113,0.6938775510204082
baseline:company_hist,SBUX,43,0.07967531961138201,0.14553612196090265,-0.02944633771969385,0.8372093023255814
baseline:company_hist,SCCO,39,0.1489459662651327,0.1985962383441878,-0.1604489230751156,0.5897435897435898
baseline:company_hist,SHW,49,0.07118032210959571,0.10488867729799024,-0.02891819095000714,0.9387755102040817
baseline:company_hist,SLB,49,0.14830578103098369,0.1989315109924536,-0.23745720826600314,0.6326530612244898
baseline:company_hist,SPG,49,0.05985957753541402,0.0929674187118923,-0.024375577657447467,0.8775510204081632
baseline:company_hist,T,49,0.09822700233363181,0.18127953254339402,-0.02354582148282036,0.5510204081632653
baseline:company_hist,TMO,42,0.10705628173071528,0.14316991211484112,-0.09458199768202546,0.8571428571428571
baseline:company_hist,TMUS,49,0.22098089941290444,0.24313225378592662,-0.5853313268009377,0.8571428571428571
baseline:company_hist,TSLA,49,0.34564200858395244,0.4186074120736576,-0.04178789443608655,0.8775510204081632
baseline:company_hist,TTWO,49,0.2979506396773774,0.44514570788227203,-0.06209011110179263,0.673469387755102
baseline:company_hist,UNH,49,0.040319662102151245,0.06036795370276563,-0.09257668991573298,1.0
baseline:company_hist,UNP,49,0.07899807159356595,0.1108964326442907,-0.1235563138159661,0.5306122448979592
baseline:company_hist,UPS,49,0.05563230036459451,0.0749601708080917,-0.028670368050898842,0.7142857142857143
baseline:company_hist,USB,49,0.03921215987374569,0.05975598551930633,-0.07856251065324082,0.7551020408163265
baseline:company_hist,V,49,0.06323374421895246,0.09298382135583023,-0.04055767181602632,0.9183673469387755
baseline:company_hist,VLO,33,0.36749784506698296,0.49741614101238524,-0.0899394894732719,0.42424242424242425
baseline:company_hist,VZ,49,0.029127101739304013,0.03995646775852061,-0.15354698493248997,0.6938775510204082
baseline:company_hist,WBD,49,0.3249655117350531,0.6386650854440475,-0.03434297922196383,0.6938775510204082
baseline:company_hist,WFC,49,0.07338860390294637,0.09011638197853698,-0.6072141719578474,0.5918367346938775
baseline:company_hist,WMB,49,0.18797741907205354,0.3047470347625722,-0.1212848624680678,0.5918367346938775
baseline:company_hist,WMT,49,0.021903442375442832,0.026731378059069777,-0.03782727991571866,0.9387755102040817
baseline:company_hist,XOM,33,0.2692887885047432,0.34769259413020637,-0.0858602464868854,0.45454545454545453
baseline:expanding_mean,AAPL,45,0.10288869716509912,0.13671294430277592,-0.016408756959961357,0.8222222222222222
baseline:expanding_mean,ABBV,49,0.08930743805595268,0.14372344646086763,-0.11295616031982258,0.8775510204081632
baseline:expanding_mean,ABT,49,0.0967758145941793,0.13017628323440786,-0.07381056629251415,0.8163265306122449
baseline:expanding_mean,ADBE,49,0.08944985425670197,0.11052029199775705,-1.313997311147789,0.9795918367346939
baseline:expanding_mean,AMGN,49,0.05433299422174741,0.06649806220705493,-0.07702740074271408,0.7959183673469388
baseline:expanding_mean,AMT,48,0.23779615057129277,0.3695887107131349,-0.02010448479075122,0.7083333333333334
baseline:expanding_mean,AMZN,49,0.1315246751279435,0.1696916979916348,-1.6749365259747742,1.0
baseline:expanding_mean,APD,49,0.10787527188528111,0.13454303054649056,-0.2297930145302356,0.6122448979591837
baseline:expanding_mean,AVB,44,0.20347705964105656,0.37835865184043266,0.006631457257865736,0.6818181818181818
baseline:expanding_mean,BA,49,0.14760070679066245,0.1984595635572917,-0.07419443019387595,0.5714285714285714
baseline:expanding_mean,BAC,49,0.06923716896201815,0.0830737483339177,-0.9791926534002993,0.6326530612244898
baseline:expanding_mean,BKNG,49,0.26741748268025256,0.510557221725433,-0.07205257138199195,0.8775510204081632
baseline:expanding_mean,BKR,37,0.1519848030744133,0.2466423967315708,-0.008405904744187787,0.7297297297297297
baseline:expanding_mean,BMY,49,0.1086969415974314,0.18902400782266116,-0.055837142819642915,0.7959183673469388
baseline:expanding_mean,BRK.B,49,0.09532327904358613,0.1326385591557886,-0.13474687086815318,0.673469387755102
baseline:expanding_mean,C,48,0.07813845484639946,0.09267705525971975,-1.2461820528535799,0.5833333333333334
baseline:expanding_mean,CAT,49,0.14499675195761752,0.17074253474474793,-0.07545491369687451,0.5510204081632653
baseline:expanding_mean,CCI,48,0.2681585229527384,0.4129137620877641,-0.19605978439122174,0.6458333333333334
baseline:expanding_mean,CHTR,46,0.08758380752686311,0.2395659923882413,-0.021829649685526586,0.9347826086956522
baseline:expanding_mean,CL,49,0.06827968915077595,0.08253675359347434,-1.8716273128262166,0.6326530612244898
baseline:expanding_mean,CMCSA,49,0.07084101217331244,0.08282970723448897,-0.12722930889423623,0.7959183673469388
baseline:expanding_mean,COP,47,0.3297778323959363,0.4661510716607146,-0.004200842431356211,0.46808510638297873
baseline:expanding_mean,COST,49,0.039275900748296004,0.0507693781855637,-0.07488113894022685,1.0
baseline:expanding_mean,CRM,49,0.13840176280328312,0.16134519662505784,-2.795206810150127,1.0
baseline:expanding_mean,CSCO,47,0.07308701213581581,0.09221785067325772,-0.9612963992793879,0.5531914893617021
baseline:expanding_mean,CVX,49,0.267131526887171,0.3559569717617043,-0.023273822450597947,0.40816326530612246
baseline:expanding_mean,DD,35,0.26376943311391976,0.34853147136800855,-0.6148524807375626,0.37142857142857144
baseline:expanding_mean,DE,45,0.15759703389529986,0.18270572556523249,-0.05549397322391436,0.5333333333333333
baseline:expanding_mean,DIS,25,0.14248327203996755,0.18546591111697616,0.014695262604576542,0.76
baseline:expanding_mean,DLR,49,0.0819324430914545,0.1122544547477584,-0.315721450725708,0.9591836734693877
baseline:expanding_mean,DOW,29,0.21612570825842164,0.2471793410703376,-0.22622466560997712,0.27586206896551724
baseline:expanding_mean,EA,49,0.11250578951123603,0.15711267446463018,-0.0007292276677719478,0.7551020408163265
baseline:expanding_mean,ECL,49,0.07575360050605998,0.1002355395314608,-0.5046341528316638,0.6530612244897959
baseline:expanding_mean,EOG,49,0.37756406006222004,0.5689262770157355,-0.021369164386726425,0.5714285714285714
baseline:expanding_mean,EQIX,49,0.06575552996503453,0.10111340197235957,-0.41317202582353096,0.9795918367346939
baseline:expanding_mean,EQR,25,0.06880457552487484,0.0903755989065855,-0.39553837158259464,0.8
baseline:expanding_mean,ETN,46,0.07830720223290118,0.11028552582530408,-0.23938608286303675,0.6956521739130435
baseline:expanding_mean,F,49,0.09596148301971721,0.14098276180413402,-0.14260820847884603,0.6122448979591837
baseline:expanding_mean,FCX,49,0.21247876032977647,0.2788691311668356,-0.02761641696470929,0.5714285714285714
baseline:expanding_mean,GE,45,0.31360071669422845,0.44134878217302836,-0.21076342970645623,0.35555555555555557
baseline:expanding_mean,GIS,31,0.07401109532675865,0.09131563691292803,-0.8659447927545025,0.6129032258064516
baseline:expanding_mean,GM,49,0.15033507738756663,0.24874383137928557,-0.04576755195857096,0.4897959183673469
baseline:expanding_mean,GOOGL,42,0.11979024512292982,0.15242189356263944,-1.0757337549108263,0.9761904761904762
baseline:expanding_mean,GS,49,0.1568210129732037,0.21638789707218284,-0.029136964056209358,0.5714285714285714
baseline:expanding_mean,HAL,49,0.20828931324321304,0.2570850999181023,-0.060523769464375876,0.5102040816326531
baseline:expanding_mean,HD,49,0.05655991302420572,0.07964973309960309,-0.18313270535500115,0.8367346938775511
baseline:expanding_mean,HON,49,0.10463003141561832,0.14668908917643647,-0.39492147246031295,0.5510204081632653
baseline:expanding_mean,INTC,43,0.09788833812298944,0.13525612349530178,-0.40582817840089347,0.5813953488372093
baseline:expanding_mean,JNJ,32,0.1079813171080952,0.22124545876343626,-0.019867668646112113,0.84375
baseline:expanding_mean,JPM,49,0.0678683648593221,0.08942750531739942,-0.052551758268531534,0.7346938775510204
baseline:expanding_mean,KMB,49,0.13651337243502987,0.24796106811980206,-0.09693584604977312,0.4897959183673469
baseline:expanding_mean,KO,26,0.07359699442642097,0.10512902025582074,-0.11017521467099112,0.7307692307692307
baseline:expanding_mean,LIN,33,0.20515920244795147,0.41729454860355,-0.07419201086181948,0.7272727272727273
baseline:expanding_mean,LLY,49,0.14140410745335982,0.1858166920548066,-0.030485883175765505,0.7346938775510204
baseline:expanding_mean,LMT,49,0.06928760865702743,0.0922719307198621,-0.3012636337034633,0.7551020408163265
baseline:expanding_mean,LOW,49,0.08012149531279203,0.10259591637959016,-0.270334477907775,0.7346938775510204
baseline:expanding_mean,MA,47,0.1467923536504353,0.22769388055489695,-0.12438768270485068,0.8936170212765957
baseline:expanding_mean,MCD,49,0.10936971879171828,0.138959844590725,-0.4703175795127812,0.40816326530612246
baseline:expanding_mean,MDLZ,49,0.08463550510036473,0.1087835504612138,-0.6394884702422048,0.5918367346938775
baseline:expanding_mean,META,49,0.2604182114889636,0.3033135222943014,-1.834267656832008,0.9387755102040817
baseline:expanding_mean,MO,49,0.08780909283695135,0.09480687829131954,-4.698136112858933,0.3877551020408163
baseline:expanding_mean,MRK,31,0.15483959440888845,0.2798324407475613,-0.009944435718445943,0.7741935483870968
baseline:expanding_mean,MS,49,0.12836969765021566,0.18387861563924351,-0.01718730138191904,0.7142857142857143
baseline:expanding_mean,MSFT,49,0.07914411206305261,0.0921722984730609,-0.20427803579891424,0.8775510204081632
baseline:expanding_mean,NEM,33,0.20590005397852745,0.2655302394172491,-0.1657286764531034,0.696969696969697
baseline:expanding_mean,NFLX,49,0.14469684062142568,0.16712540198978934,-2.151692415534414,1.0
baseline:expanding_mean,NKE,49,0.0809429875219581,0.1594035570447053,-0.038924383699704856,0.8367346938775511
baseline:expanding_mean,NUE,37,0.22211146635104254,0.2959113211380612,-0.006168654413826635,0.5135135135135135
baseline:expanding_mean,NVDA,49,0.48086146605750646,0.7276062400191962,-0.4173202168460213,0.8571428571428571
baseline:expanding_mean,O,33,0.14655382192265287,0.24689228259980156,-0.46557508236693335,1.0
baseline:expanding_mean,ORCL,47,0.12513128912076993,0.3889633086621329,-0.0022962992935997573,0.8297872340425532
baseline:expanding_mean,OXY,49,0.3343563030923315,0.4298429932136909,-0.003508124377886057,0.40816326530612246
baseline:expanding_mean,PEP,49,0.06202486708467649,0.0741849029953011,-0.9342265330841921,0.7142857142857143
baseline:expanding_mean,PFE,26,0.35875524709550344,0.5198515786721445,-0.011652566575639511,0.46153846153846156
baseline:expanding_mean,PG,49,0.07691008358811617,0.09610034795426924,-1.893395854051978,0.6326530612244898
baseline:expanding_mean,PLD,33,0.15004129408219558,0.23862719158620385,-0.18358470399279003,0.9090909090909091
baseline:expanding_mean,PSA,49,0.0479061910608426,0.06379351631135786,0.040813655986308484,1.0
baseline:expanding_mean,RTX,49,0.11065128856654334,0.1668726138613802,-0.08186752829026278,0.7346938775510204
baseline:expanding_mean,SBUX,43,0.07776774568345504,0.14373357967066308,-0.004103775192242587,0.8372093023255814
baseline:expanding_mean,SCCO,39,0.15032104644458763,0.18815635761025967,-0.041649927653314656,0.5897435897435898
baseline:expanding_mean,SHW,49,0.07104719239654633,0.10541869220870269,-0.03934295434696389,0.9387755102040817
baseline:expanding_mean,SLB,49,0.1359647769020189,0.19371337851220427,-0.17338966404795841,0.6326530612244898
baseline:expanding_mean,SPG,49,0.07000876556543525,0.10070995623458805,-0.20210522506243533,0.8775510204081632
baseline:expanding_mean,T,49,0.1319544112256825,0.1904651807944163,-0.12990239966034078,0.5510204081632653
baseline:expanding_mean,TMO,42,0.10098369922283582,0.1410287557418705,-0.06208709743155083,0.8571428571428571
baseline:expanding_mean,TMUS,49,0.1089902765973618,0.20104937126000727,-0.08402757131465344,0.8571428571428571
baseline:expanding_mean,TSLA,49,0.3952104999288857,0.5384373072184593,-0.7235971451519696,0.8775510204081632
baseline:expanding_mean,TTWO,49,0.2867394236637115,0.4505413670294538,-0.08799357234321947,0.6938775510204082
baseline:expanding_mean,UNH,49,0.04485061539189787,0.06681722254275764,-0.33849224377918996,1.0
baseline:expanding_mean,UNP,49,0.09838707612996574,0.12385618795750236,-0.401506483776503,0.5306122448979592
baseline:expanding_mean,UPS,49,0.07036809451265812,0.08880256550461935,-0.44366397793505796,0.7142857142857143
baseline:expanding_mean,USB,49,0.06328986759664654,0.07396708369164519,-0.6525685603316633,0.7551020408163265
baseline:expanding_mean,V,49,0.06803344849044854,0.09642522562765496,-0.11900673957889851,0.9183673469387755
baseline:expanding_mean,VLO,33,0.3375878691338469,0.47841167975437887,-0.008245256741695073,0.36363636363636365
baseline:expanding_mean,VZ,49,0.07145073602604815,0.07848940915987894,-3.4512627522016057,0.6938775510204082
baseline:expanding_mean,WBD,49,0.2850872594052765,0.6498471603914506,-0.07087966671018986,0.6938775510204082
baseline:expanding_mean,WFC,49,0.08914756735451944,0.10558178851210952,-1.2061969904781686,0.5918367346938775
baseline:expanding_mean,WMB,49,0.19162601628781756,0.2889170279668675,-0.007820665663947457,0.5306122448979592
baseline:expanding_mean,WMT,49,0.04956944698453106,0.05515333900890722,-3.418002994130724,0.9387755102040817
baseline:expanding_mean,XOM,33,0.25751774544363637,0.33392122544148145,-0.001546469301858977,0.45454545454545453
baseline:persistence,AAPL,45,0.09383824025476041,0.11971754225679357,0.22059226800068,0.8
baseline:persistence,ABBV,49,0.04860930266066345,0.07391930200146966,0.7055995114294971,0.8979591836734694
baseline:persistence,ABT,49,0.06103959902955615,0.0885015710566499,0.5036752887420437,0.8571428571428571
baseline:persistence,ADBE,49,0.026266892432345833,0.04047432313271102,0.6896598313031963,0.9795918367346939
baseline:persistence,AMGN,49,0.047367509751511994,0.05901020516241171,0.15186883530360895,0.7959183673469388
baseline:persistence,AMT,48,0.24167384310090645,0.449316058848014,-0.5076868418452187,0.7916666666666666
baseline:persistence,AMZN,49,0.03976868123869336,0.05389427062501111,0.7301779187459271,1.0
baseline:persistence,APD,49,0.05034838275922881,0.07066413438927929,0.6607594982093197,0.7755102040816326
baseline:persistence,AVB,44,0.2406045794542178,0.46205051956752013,-0.4814329165199269,0.8409090909090909
baseline:persistence,BA,49,0.1212729098158367,0.17541622598441683,0.16077510486872448,0.7959183673469388
baseline:persistence,BAC,49,0.047533746704497386,0.06136869000928495,-0.08007561942458952,0.7142857142857143
baseline:persistence,BKNG,49,0.19803158089778014,0.5178476603768537,-0.10288764751986812,0.9183673469387755
baseline:persistence,BKR,37,0.09789268108261061,0.20202930718949974,0.32340518521640127,0.7297297297297297
baseline:persistence,BMY,49,0.07268687323266698,0.12407885103563379,0.5450553858242639,0.8775510204081632
baseline:persistence,BRK.B,49,0.08505752758868247,0.12782962866598382,-0.053955943933149175,0.7142857142857143
baseline:persistence,C,48,0.05490606297436219,0.07081779545700544,-0.31155137538503697,0.6458333333333334
baseline:persistence,CAT,49,0.06777004081776666,0.0837391361018443,0.7413182968493905,0.8163265306122449
baseline:persistence,CCI,48,0.24782808087924538,0.4210454499340068,-0.24363269045279323,0.8125
baseline:persistence,CHTR,46,0.07052436169496591,0.25266139352386385,-0.1365955171077844,0.9782608695652174
baseline:persistence,CL,49,0.024081047104509347,0.027953366010993987,0.6706167337665476,0.8367346938775511
baseline:persistence,CMCSA,49,0.05633982398891095,0.07346256336769216,0.11330925331081088,0.7142857142857143
baseline:persistence,COP,47,0.23092076764671032,0.3638829630951074,0.38808562961051585,0.7659574468085106
baseline:persistence,COST,49,0.026695779268432668,0.03555737495520036,0.472750548461349,1.0
baseline:persistence,CRM,49,0.020090566243279834,0.03141123748058749,0.8561554347862514,1.0
baseline:persistence,CSCO,47,0.03652796278235739,0.0497655628972312,0.42882251383153225,0.7872340425531915
baseline:persistence,CVX,49,0.14741834875600682,0.24203482144203253,0.5269004209012433,0.8163265306122449
baseline:persistence,DD,35,0.15669768327009073,0.28076492324629343,-0.047935502821418785,0.8285714285714286
baseline:persistence,DE,45,0.08738571035323146,0.10452688228051525,0.6545323092277494,0.8
baseline:persistence,DIS,25,0.1315587962480727,0.2033791738942993,-0.18482806846736022,0.64
baseline:persistence,DLR,49,0.04789829369918196,0.07394982411431213,0.42900661550932984,0.9591836734693877
baseline:persistence,DOW,29,0.10029511956127664,0.1421129997077574,0.594665732988169,0.8275862068965517
baseline:persistence,EA,49,0.1504175259430876,0.2021368326081301,-0.65647564004757,0.6530612244897959
baseline:persistence,ECL,49,0.036210569745684686,0.06258410735330006,0.4134357701807664,0.8367346938775511
baseline:persistence,EOG,49,0.32979138213681725,0.5889906361412167,-0.09468089069675933,0.7959183673469388
baseline:persistence,EQIX,49,0.042881100733446545,0.06787176788236288,0.3632691239730155,0.9591836734693877
baseline:persistence,EQR,25,0.034079305359683815,0.06357317501473482,0.30946259361415895,0.92
baseline:persistence,ETN,46,0.051551176896971716,0.08918771393475033,0.18945031159949555,0.8695652173913043
baseline:persistence,F,49,0.09989258256124962,0.1653080572349046,-0.5709174196277105,0.6122448979591837
baseline:persistence,FCX,49,0.17076608651221944,0.21363193253473503,0.3969372761231572,0.7142857142857143
baseline:persistence,GE,45,0.21843882606330306,0.4831185490479599,-0.45078432417395775,0.7777777777777778
baseline:persistence,GIS,31,0.05290783267539785,0.0740114174785191,-0.22576136597854957,0.7096774193548387
baseline:persistence,GM,49,0.1612401827536481,0.3387937161340562,-0.9399977070576102,0.6938775510204082
baseline:persistence,GOOGL,42,0.051675811370745534,0.07708328435554518,0.46911877807813585,0.9523809523809523
baseline:persistence,GS,49,0.17929025847603366,0.24867292469814167,-0.359140172018489,0.673469387755102
baseline:persistence,HAL,49,0.08449514932679136,0.12597432230082786,0.7453576375080272,0.8571428571428571
baseline:persistence,HD,49,0.03999351245039556,0.05875139995524218,0.3562737054385864,0.8571428571428571
baseline:persistence,HON,49,0.07279592587135099,0.14528081467864362,-0.3682664202655572,0.7959183673469388
baseline:persistence,INTC,43,0.08328658766298418,0.12055080478365776,-0.11675678495346564,0.6511627906976745
baseline:persistence,JNJ,32,0.13750078648467234,0.3112359535203068,-1.0182483881323439,0.875
baseline:persistence,JPM,49,0.06913489960161655,0.08781279128798798,-0.014884907079158127,0.673469387755102
baseline:persistence,KMB,49,0.12761986879243042,0.3468085441969997,-1.14582256939776,0.5918367346938775
baseline:persistence,KO,26,0.07102462122279875,0.09391114621075367,0.1141084165115075,0.7692307692307693
baseline:persistence,LIN,33,0.12120201787530098,0.2699855716750369,0.5503468846263353,0.7575757575757576
baseline:persistence,LLY,49,0.07457020385094182,0.10476063576104061,0.6724566032031203,0.8163265306122449
baseline:persistence,LMT,49,0.06451120983262829,0.0885278515580037,-0.197804460719458,0.7755102040816326
baseline:persistence,LOW,49,0.04260969731855707,0.062133360056694495,0.5340840097607107,0.8367346938775511
baseline:persistence,MA,47,0.09311391921837774,0.18310280821787264,0.2728845513702004,0.9361702127659575
baseline:persistence,MCD,49,0.06139217591852861,0.11460118965314024,-2.4781421520181368e-05,0.7959183673469388
baseline:persistence,MDLZ,49,0.032472398842895926,0.04185978986125339,0.7572406331197615,0.8571428571428571
baseline:persistence,META,49,0.06063171075158269,0.07539797322828634,0.824863502731759,0.9591836734693877
baseline:persistence,MO,49,0.04245399218817243,0.05891498955531023,-1.200415703156228,0.6122448979591837
baseline:persistence,MRK,31,0.2045745020943759,0.4058396288821373,-1.1242726821143791,0.6774193548387096
baseline:persistence,MS,49,0.16395780538841712,0.24680860304153976,-0.8325636452371608,0.7142857142857143
baseline:persistence,MSFT,49,0.04331573549015568,0.06324614442948101,0.4329856612871199,0.9183673469387755
baseline:persistence,NEM,33,0.137414692744579,0.1842136748490694,0.43893492129533884,0.7575757575757576
baseline:persistence,NFLX,49,0.026472235905789548,0.03221803149518568,0.8828730322193717,1.0
baseline:persistence,NKE,49,0.08789035603145982,0.19980518254839316,-0.632305410775222,0.8775510204081632
baseline:persistence,NUE,37,0.1593025376641678,0.21619646431005718,0.46291280785547173,0.7027027027027027
baseline:persistence,NVDA,49,0.20566243657561628,0.3528694959918351,0.6666477533895765,0.8979591836734694
baseline:persistence,O,33,0.06908181967493209,0.12131118176860983,0.6461699533332979,1.0
baseline:persistence,ORCL,47,0.16631975149966532,0.555858940835008,-1.0469538269064382,0.8085106382978723
baseline:persistence,OXY,49,0.2948468117686782,0.48764704480764076,-0.2915534465697578,0.7551020408163265
baseline:persistence,PEP,49,0.028157646163059283,0.039605921289447565,0.4486891872212473,0.7959183673469388
baseline:persistence,PFE,26,0.40409841235451427,0.6264587894857637,-0.4691213401501362,0.5384615384615384
baseline:persistence,PG,49,0.020959344966775973,0.025570335631165744,0.7951524417477598,0.8571428571428571
baseline:persistence,PLD,33,0.19564788307879213,0.2650379318993786,-0.46007630153364376,0.8181818181818182
baseline:persistence,PSA,49,0.0170560475732534,0.025090804540759428,0.8516187316174164,1.0
baseline:persistence,RTX,49,0.08135629995998854,0.14512843026616387,0.18170679622682395,0.8775510204081632
baseline:persistence,SBUX,43,0.07347064117977843,0.13779161007129123,0.07719982964129424,0.8604651162790697
baseline:persistence,SCCO,39,0.12378311064881117,0.16309730217628896,0.21733205318965787,0.6410256410256411
baseline:persistence,SHW,49,0.041891186350790026,0.06646614618505367,0.586833953248392,0.8775510204081632
baseline:persistence,SLB,49,0.059890079585373214,0.09073912514227118,0.7425385549142274,0.7959183673469388
baseline:persistence,SPG,49,0.04389195401450363,0.06893333062400434,0.4368083650283028,0.8979591836734694
baseline:persistence,T,49,0.10359539576154776,0.24665598858755935,-0.8949295696286905,0.7755102040816326
baseline:persistence,TMO,42,0.0852998824377525,0.12487200578449756,0.16732608494279133,0.8809523809523809
baseline:persistence,TMUS,49,0.0661213515523641,0.14311975475964714,0.45066906510983706,0.9183673469387755
baseline:persistence,TSLA,49,0.29413787792376334,0.399775737622736,0.049836495370151446,0.7959183673469388
baseline:persistence,TTWO,49,0.3279250673009801,0.5334449962164342,-0.5252332919252269,0.673469387755102
baseline:persistence,UNH,49,0.029245202933511957,0.04434493854792599,0.4104411869261826,1.0
baseline:persistence,UNP,49,0.058611389399300266,0.0858764641409403,0.3262356901997324,0.7959183673469388
baseline:persistence,UPS,49,0.028846595615323507,0.037467204553679724,0.743009140138396,0.8979591836734694
baseline:persistence,USB,49,0.03523564366156883,0.04844076674687341,0.2912313306732859,0.7346938775510204
baseline:persistence,V,49,0.042092155089942615,0.06915440075722565,0.4244394492640454,0.9591836734693877
baseline:persistence,VLO,33,0.22314991393866673,0.3857394544896127,0.3445331023152344,0.8787878787878788
baseline:persistence,VZ,49,0.024219226883725867,0.03040508999300525,0.3320350145650932,0.7551020408163265
baseline:persistence,WBD,49,0.15892484615229105,0.45862917321558017,0.46661404653357397,0.8163265306122449
baseline:persistence,WFC,49,0.050001722084750476,0.07297956714290887,-0.05406847606151288,0.6122448979591837
baseline:persistence,WMB,49,0.14197327061700665,0.21583564691421764,0.43755076721542263,0.7346938775510204
baseline:persistence,WMT,49,0.015044110560979427,0.02284562285493453,0.24196651225063448,0.9183673469387755
baseline:persistence,XOM,33,0.17483572065518785,0.2548111291778884,0.4167968808428705,0.7575757575757576
baseline:seasonal,AAPL,45,0.17464087901424374,0.21819975745807446,-1.5891526257308426,0.6666666666666666
baseline:seasonal,ABBV,49,0.13986752304768185,0.19635339143637703,-1.0773019341320795,0.7346938775510204
baseline:seasonal,ABT,49,0.14137319116378835,0.1832409773144326,-1.127693843459343,0.6326530612244898
baseline:seasonal,ADBE,49,0.05622079193968679,0.07768016598528736,-0.1431391336476806,0.9183673469387755
baseline:seasonal,AMGN,49,0.07424056610983915,0.09042764282433254,-0.9916416189571509,0.5918367346938775
baseline:seasonal,AMT,48,0.3597739362348578,0.498984394243266,-0.8594358051260025,0.625
baseline:seasonal,AMZN,49,0.09355475154441903,0.12917950843459278,-0.5501707766839998,1.0
baseline:seasonal,APD,49,0.12300797460168256,0.16166195185172888,-0.7755186816528008,0.5714285714285714
baseline:seasonal,AVB,44,0.31880865342399134,0.5657079799680279,-1.2206886573851858,0.6818181818181818
baseline:seasonal,BA,49,0.19726210333120292,0.2715182583933724,-1.0106520030329302,0.4489795918367347
baseline:seasonal,BAC,49,0.06846741407914174,0.08548440648372455,-1.0957248288504986,0.5510204081632653
baseline:seasonal,BKNG,49,0.38228491518335794,0.739198397081432,-1.2472390276181522,0.8367346938775511
baseline:seasonal,BKR,37,0.2566566971909262,0.3647619496553836,-1.2055604874667623,0.5945945945945946
baseline:seasonal,BMY,49,0.16279991966416546,0.25068154886531496,-0.856982197346305,0.673469387755102
baseline:seasonal,BRK.B,49,0.13472118502581198,0.18202528272637336,-1.1370900945239395,0.5918367346938775
baseline:seasonal,C,48,0.08783985753663548,0.10576881665798493,-1.9256056895289722,0.3541666666666667
baseline:seasonal,CAT,49,0.19013694281920712,0.23030817419238936,-0.956714503711622,0.5306122448979592
baseline:seasonal,CCI,48,0.4574260062148526,0.6003287297030565,-1.528205827218331,0.5
baseline:seasonal,CHTR,46,0.09053380475011853,0.2687617838668633,-0.28606581555144506,0.9347826086956522
baseline:seasonal,CL,49,0.04918128834741257,0.056597587440935966,-0.3502965185788942,0.5714285714285714
baseline:seasonal,CMCSA,49,0.09774169196715721,0.1294536191838302,-1.7533943250170654,0.5918367346938775
baseline:seasonal,COP,47,0.43411018014674674,0.6311140838791904,-0.8406997414679789,0.46808510638297873
baseline:seasonal,COST,49,0.047768060331634506,0.06090951567171111,-0.547130850147379,1.0
baseline:seasonal,CRM,49,0.05651624985161185,0.07842172494094858,0.10340534248340305,1.0
baseline:seasonal,CSCO,47,0.0911551203572801,0.11396649061641204,-1.9954880381514033,0.3404255319148936
baseline:seasonal,CVX,49,0.32578041016202935,0.4844564350154895,-0.8954237373214768,0.5510204081632653
baseline:seasonal,DD,35,0.36849330693641597,0.453595223866788,-1.7351793033968073,0.5714285714285714
baseline:seasonal,DE,45,0.20164231682268133,0.23377435888238512,-0.7280057866241323,0.5555555555555556
baseline:seasonal,DIS,25,0.22563051115885432,0.3227130819472547,-1.9831529310823854,0.56
baseline:seasonal,DLR,49,0.14432636865415802,0.16706718015767835,-1.914332306485556,0.9183673469387755
baseline:seasonal,DOW,29,0.2593421996537714,0.33500349391788403,-1.2523940970229743,0.5172413793103449
baseline:seasonal,EA,49,0.19627705834513803,0.25835730222932923,-1.7060487928183914,0.4897959183673469
baseline:seasonal,ECL,49,0.08925283505013505,0.11291244381738642,-0.9092863380095577,0.5918367346938775
baseline:seasonal,EOG,49,0.557023834804209,0.8277985839821262,-1.1623207429983156,0.5102040816326531
baseline:seasonal,EQIX,49,0.07823576472516168,0.11171150667683209,-0.7249376649811161,0.9591836734693877
baseline:seasonal,EQR,25,0.1096420662515331,0.1559274767703818,-3.1541742365569156,0.68
baseline:seasonal,ETN,46,0.10945955578767982,0.1669998548918908,-1.8418540262035257,0.6521739130434783
baseline:seasonal,F,49,0.12159204050574812,0.1864341254390891,-0.9980949921123488,0.40816326530612246
baseline:seasonal,FCX,49,0.3377290169297176,0.42547549221164394,-1.3920995279560424,0.42857142857142855
baseline:seasonal,GE,45,0.361341091396754,0.5828132170718565,-1.1113207410394756,0.6222222222222222
baseline:seasonal,GIS,31,0.06909410874511111,0.09317238056536385,-0.9425976939437537,0.6129032258064516
baseline:seasonal,GM,49,0.20355146680467145,0.39090893436357277,-1.5827461126087807,0.40816326530612246
baseline:seasonal,GOOGL,42,0.11151148229568963,0.1714730841662228,-1.627053159552318,0.9523809523809523
baseline:seasonal,GS,49,0.24480411686648518,0.3416976535974766,-1.5662043554558984,0.42857142857142855
baseline:seasonal,HAL,49,0.27019465851263785,0.3455815977398308,-0.9163190190885673,0.5714285714285714
baseline:seasonal,HD,49,0.07700492217114709,0.1086548162779432,-1.2017234785188147,0.7346938775510204
baseline:seasonal,HON,49,0.12254507870781979,0.20197839413084326,-1.6446241867088283,0.46938775510204084
baseline:seasonal,INTC,43,0.1257662977942318,0.16511992999405092,-1.095160816388208,0.4418604651162791
baseline:seasonal,JNJ,32,0.18401472487233983,0.37284923706784046,-1.8964204910525302,0.6875
baseline:seasonal,JPM,49,0.09261849880803746,0.12218991385336635,-0.9650424954572889,0.5714285714285714
baseline:seasonal,KMB,49,0.15433569063825853,0.38941717148358784,-1.7054806227726624,0.4897959183673469
baseline:seasonal,KO,26,0.10513331855305305,0.15861824073777422,-1.5272752867479236,0.5384615384615384
baseline:seasonal,LIN,33,0.3604338087758357,0.6131429770713752,-1.3191028625601193,0.5151515151515151
baseline:seasonal,LLY,49,0.1376416279761547,0.1698849075113262,0.13864497034310663,0.5306122448979592
baseline:seasonal,LMT,49,0.09262274934722045,0.11967732160814376,-1.189020349859998,0.7142857142857143
baseline:seasonal,LOW,49,0.08605016652601362,0.12504514580892298,-0.8870856412219983,0.7346938775510204
baseline:seasonal,MA,47,0.2210293212214062,0.31067191090575413,-1.093231874488855,0.7872340425531915
baseline:seasonal,MCD,49,0.10967735829461654,0.18144347885722725,-1.5067743288962694,0.46938775510204084
baseline:seasonal,MDLZ,49,0.07214807501038784,0.08500261916302776,-0.0010286881722114671,0.6530612244897959
baseline:seasonal,META,49,0.1523001270398777,0.19814389177765868,-0.20953570649679354,0.8775510204081632
baseline:seasonal,MO,49,0.048210059016747776,0.06560542440620883,-1.728554446093224,0.5102040816326531
baseline:seasonal,MRK,31,0.25162305062095713,0.44009794853105255,-1.4980437955440817,0.5806451612903226
baseline:seasonal,MS,49,0.221779088198091,0.31549236326941776,-1.9944439024927187,0.5102040816326531
baseline:seasonal,MSFT,49,0.08435661110566221,0.11592432752975403,-0.9049128045489614,0.7959183673469388
baseline:seasonal,NEM,33,0.29343426416698065,0.3680176850873498,-1.2392721787356717,0.5757575757575758
baseline:seasonal,NFLX,49,0.06165381509981762,0.07501038610625073,0.36510530432626254,1.0
baseline:seasonal,NKE,49,0.11577940038901335,0.25458245056484646,-1.649993739357844,0.7346938775510204
baseline:seasonal,NUE,37,0.29625901918019953,0.42565910918331606,-1.0819557039774899,0.5135135135135135
baseline:seasonal,NVDA,49,0.5683527348408908,0.8733181379226012,-1.0418325002961728,0.673469387755102
baseline:seasonal,O,33,0.19101827655139364,0.2933807653989457,-1.06945657301757,1.0
baseline:seasonal,ORCL,47,0.18730355327001283,0.5549349710014149,-1.0401544339919422,0.6808510638297872
baseline:seasonal,OXY,49,0.48689010964071194,0.6524579861921771,-1.312098287166676,0.4489795918367347
baseline:seasonal,PEP,49,0.044115456436240215,0.06220800914435462,-0.360093846493555,0.6326530612244898
baseline:seasonal,PFE,26,0.5459867862365783,0.8120443559376321,-1.4684944645262576,0.38461538461538464
baseline:seasonal,PG,49,0.044454175244601365,0.05425862675012023,0.07765047112439083,0.7142857142857143
baseline:seasonal,PLD,33,0.2588060266566353,0.356682346710425,-1.6443730017457123,0.8181818181818182
baseline:seasonal,PSA,49,0.048090919159328775,0.07482503066748801,-0.3196042684536855,1.0
baseline:seasonal,RTX,49,0.17563041728948767,0.2625086801633584,-1.6772645367715238,0.6326530612244898
baseline:seasonal,SBUX,43,0.1299664775074478,0.242876613142582,-1.8670384189182672,0.6976744186046512
baseline:seasonal,SCCO,39,0.2021262611108854,0.2698308732859163,-1.142235793051955,0.5384615384615384
baseline:seasonal,SHW,49,0.10056827848149431,0.15223855268958245,-1.1675689490011738,0.9183673469387755
baseline:seasonal,SLB,49,0.18438776752159158,0.23387689396281022,-0.7103998984857824,0.5510204081632653
baseline:seasonal,SPG,49,0.09706012051960773,0.1478064837459278,-1.5893135335085158,0.7142857142857143
baseline:seasonal,T,49,0.1525436709656615,0.28721658535537936,-1.5693825706786835,0.5102040816326531
baseline:seasonal,TMO,42,0.16213169712415462,0.20709908184575598,-1.2903461883269065,0.7619047619047619
baseline:seasonal,TMUS,49,0.17988107620983582,0.3015761787928048,-1.4390963585082241,0.8163265306122449
baseline:seasonal,TSLA,49,0.4832518500923688,0.6241587207821087,-1.3160907099041532,0.8367346938775511
baseline:seasonal,TTWO,49,0.5083220322071617,0.6973379189982092,-1.6064148870061654,0.5510204081632653
baseline:seasonal,UNH,49,0.06440764085992784,0.08661337893332353,-1.2491011313066505,1.0
baseline:seasonal,UNP,49,0.10842158601877734,0.15571450392484631,-1.215224907999763,0.5306122448979592
baseline:seasonal,UPS,49,0.06916185905608818,0.0884933516445799,-0.4336276976466136,0.7551020408163265
baseline:seasonal,USB,49,0.062133974905058176,0.09333524952015299,-1.6313212906901087,0.4897959183673469
baseline:seasonal,V,49,0.10048745240300157,0.14739384337160064,-1.6146289265453522,0.8367346938775511
baseline:seasonal,VLO,33,0.47207565346398433,0.701161183975374,-1.165700373144313,0.6060606060606061
baseline:seasonal,VZ,49,0.04440520552452385,0.05763362898002404,-1.4000099591752835,0.5102040816326531
baseline:seasonal,WBD,49,0.5039056909903533,0.9262674698746896,-1.1756600917785534,0.6938775510204082
baseline:seasonal,WFC,49,0.0821423320684632,0.11893370449454818,-1.7994721505312885,0.3673469387755102
baseline:seasonal,WMB,49,0.3006093584405134,0.4329711518824799,-1.2633666066600626,0.42857142857142855
baseline:seasonal,WMT,49,0.026087734169372996,0.03324376169373447,-0.6051022620778639,0.8775510204081632
baseline:seasonal,XOM,33,0.3392963604715285,0.4852716853013158,-1.1152073982468629,0.5454545454545454
baseline:sector_median,AAPL,45,0.10930353938375029,0.1357989903667134,-0.0028643822703875443,0.8222222222222222
baseline:sector_median,ABBV,49,0.07401971159596929,0.1283524425357523,0.11237180864240404,0.9387755102040817
baseline:sector_median,ABT,49,0.06797601648634613,0.10348627221507489,0.32137567259140376,0.8775510204081632
baseline:sector_median,ADBE,49,0.04959730779345178,0.07008453669575039,0.0694853477854438,0.9795918367346939
baseline:sector_median,AMGN,49,0.07027975086063117,0.09603126901295135,-1.2461259657531003,0.7755102040816326
baseline:sector_median,AMT,48,0.22728080729261432,0.35948891580609454,0.03488676484408115,0.7083333333333334
baseline:sector_median,AMZN,49,0.16928630211599804,0.22031647802408938,-3.509062456984161,0.9591836734693877
baseline:sector_median,APD,49,0.04946152678855554,0.06705360228286493,0.6945403579288162,0.7551020408163265
baseline:sector_median,AVB,44,0.194327785412863,0.36741578740852826,0.06326080734545825,0.6818181818181818
baseline:sector_median,BA,49,0.12243510569213618,0.1677297891966667,0.23271053623362614,0.7755102040816326
baseline:sector_median,BAC,49,0.04316360902979203,0.0530334685768968,0.19339572008731243,0.6938775510204082
baseline:sector_median,BKNG,49,0.2493581645020604,0.4838596704618088,0.03713347936141875,0.9183673469387755
baseline:sector_median,BKR,37,0.2708762028105886,0.37086946112765184,-1.28003788153329,0.5945945945945946
baseline:sector_median,BMY,49,0.10236960869919903,0.1958645151649828,-0.1336383392972682,0.8571428571428571
baseline:sector_median,BRK.B,49,0.09132583883755489,0.1257044247697686,-0.0192026233851339,0.6938775510204082
baseline:sector_median,C,48,0.061985117738437595,0.07420502509703128,-0.4400153898322401,0.6041666666666666
baseline:sector_median,CAT,49,0.09724270848116721,0.12200874131327712,0.45085042357538896,0.7959183673469388
baseline:sector_median,CCI,48,0.26026316125381316,0.4016438038546007,-0.13166091229700494,0.6458333333333334
baseline:sector_median,CHTR,46,0.07141205015841559,0.23072982794790786,0.0521586544485112,0.8695652173913043
baseline:sector_median,CL,49,0.025093782987713278,0.030085052828961758,0.6184645760274693,0.8163265306122449
baseline:sector_median,CMCSA,49,0.0480416507478419,0.0634360201626222,0.33883192287733077,0.8571428571428571
baseline:sector_median,COP,47,0.20146189862133243,0.354875200305562,0.41800599815425055,0.723404255319149
baseline:sector_median,COST,49,0.06709919144311359,0.07513091710310671,-1.3539331995123924,0.7755102040816326
baseline:sector_median,CRM,49,0.09805452696819773,0.13174619273381058,-1.530460209527733,1.0
baseline:sector_median,CSCO,47,0.12040427172326709,0.14154455010290135,-3.6206124503052717,0.5531914893617021
baseline:sector_median,CVX,49,0.15627237638336605,0.2578253200997476,0.46315614236271163,0.7959183673469388
baseline:sector_median,DD,35,0.22926271310157906,0.332839346114509,-0.47271318780572136,0.5714285714285714
baseline:sector_median,DE,45,0.12164288193489209,0.15163505331623298,0.27297279907109717,0.7333333333333333
baseline:sector_median,DIS,25,0.13673788541268178,0.176314928419078,0.10952742914788238,0.76
baseline:sector_median,DLR,49,0.08735811698771495,0.12216208951385872,-0.5582232881332283,0.9591836734693877
baseline:sector_median,DOW,29,0.13779795667309852,0.176912601972851,0.37185016875297994,0.6206896551724138
baseline:sector_median,EA,49,0.10730098891076528,0.15160982652286967,0.06814392087273302,0.7755102040816326
baseline:sector_median,ECL,49,0.05995055625244987,0.07997580572347278,0.042134130362694755,0.7959183673469388
baseline:sector_median,EOG,49,0.26728368479815506,0.4941790472633882,0.22938153385391402,0.7959183673469388
baseline:sector_median,EQIX,49,0.0712039445895279,0.10136673613380448,-0.42026214887189783,0.9795918367346939
baseline:sector_median,EQR,25,0.06943421845523708,0.09780657208294728,-0.6344644603983067,0.8
baseline:sector_median,ETN,46,0.051429412882487126,0.0787672896076176,0.36778996952734344,0.8260869565217391
baseline:sector_median,F,49,0.10492276358104978,0.16730046488825734,-0.6090132009884024,0.6122448979591837
baseline:sector_median,FCX,49,0.1903575136045894,0.23850202082784283,0.24835240371690237,0.5918367346938775
baseline:sector_median,GE,45,0.27800501796516863,0.40826300639129176,-0.0360375314805752,0.5111111111111111
baseline:sector_median,GIS,31,0.05580127462945485,0.06896211681898828,-0.06421567825431973,0.6129032258064516
baseline:sector_median,GM,49,0.161211005919622,0.27354225623388745,-0.2646762798436171,0.4897959183673469
baseline:sector_median,GOOGL,42,0.06361269182189161,0.09414294608559842,0.20813251219541806,0.9761904761904762
baseline:sector_median,GS,49,0.16170094794176343,0.224223726768613,-0.10502060899133259,0.5102040816326531
baseline:sector_median,HAL,49,0.13020333033229609,0.1933004140910784,0.40044067458589927,0.7346938775510204
baseline:sector_median,HD,49,0.07637610914398224,0.14048751696324063,-2.680783584127733,0.7959183673469388
baseline:sector_median,HON,49,0.0761679086944984,0.12507926751163517,-0.014202774225032577,0.7959183673469388
baseline:sector_median,INTC,43,0.12646684960569596,0.1541948566954885,-0.8270824543788606,0.5813953488372093
baseline:sector_median,JNJ,32,0.11614458538931308,0.23789331344500275,-0.17912423157934443,0.75
baseline:sector_median,JPM,49,0.06712661614153936,0.08746568866508658,-0.00687757715057935,0.7142857142857143
baseline:sector_median,KMB,49,0.0897550952183053,0.24250669383762852,-0.049208241811788955,0.5918367346938775
baseline:sector_median,KO,26,0.0646415068145679,0.09472744879071589,0.0986406354821674,0.6538461538461539
baseline:sector_median,LIN,33,0.19794367881927113,0.4440745693708246,-0.21648932479954452,0.6666666666666666
baseline:sector_median,LLY,49,0.14523219864668913,0.19619869706133142,-0.14885398690247853,0.7142857142857143
baseline:sector_median,LMT,49,0.08763215314550711,0.11550587707318848,-1.039079888422946,0.5510204081632653
baseline:sector_median,LOW,49,0.09281283231503744,0.16173649278065108,-2.156995611000732,0.6938775510204082
baseline:sector_median,MA,47,0.16522079876794457,0.2457922542730386,-0.3102366617646932,0.8723404255319149
baseline:sector_median,MCD,49,0.10884317635800587,0.15247379098881567,-0.7702023262061832,0.4489795918367347
baseline:sector_median,MDLZ,49,0.046155302703706984,0.05866215612025349,0.5232420416692823,0.7346938775510204
baseline:sector_median,META,49,0.21786878943648855,0.2676875363730103,-1.2075655980108007,0.9387755102040817
baseline:sector_median,MO,49,0.052663741326826725,0.06555853319577755,-1.7246553936078746,0.3673469387755102
baseline:sector_median,MRK,31,0.1558121138116246,0.281287683212875,-0.020475992258376596,0.7419354838709677
baseline:sector_median,MS,49,0.13349374342546974,0.19116718349607076,-0.09942387092862526,0.6530612244897959
baseline:sector_median,MSFT,49,0.057299059945656726,0.07703725878217467,0.15874516685591933,0.8775510204081632
baseline:sector_median,NEM,33,0.25318842088561305,0.31924666708619626,-0.6850866963094389,0.5151515151515151
baseline:sector_median,NFLX,49,0.16023606103537394,0.1813660619432969,-2.711683558208075,0.9387755102040817
baseline:sector_median,NKE,49,0.08739670355893991,0.1696970297534535,-0.17743354411113832,0.8775510204081632
baseline:sector_median,NUE,37,0.16199053893516996,0.2345675069236454,0.3677580250130431,0.8648648648648649
baseline:sector_median,NVDA,49,0.4328101304692636,0.6959187010938171,-0.2965586489689289,0.8571428571428571
baseline:sector_median,O,33,0.15357278962820997,0.2404548378133106,-0.39014493361094726,1.0
baseline:sector_median,ORCL,47,0.16727623394954044,0.37958883579522573,0.04543453773277495,0.8297872340425532
baseline:sector_median,OXY,49,0.2364469904641668,0.3792079454164914,0.2189909864000109,0.7142857142857143
baseline:sector_median,PEP,49,0.026631972679683376,0.036290600208112325,0.5371240970096647,0.8163265306122449
baseline:sector_median,PFE,26,0.32945171673485246,0.5003300573302836,0.06290020868209578,0.5384615384615384
baseline:sector_median,PG,49,0.030922024049465098,0.04348924113331031,0.40745465109173673,0.7755102040816326
baseline:sector_median,PLD,33,0.16470039330976807,0.24025876847654246,-0.19982519419449618,0.9090909090909091
baseline:sector_median,PSA,49,0.040150968046162056,0.05197205941540925,0.3633661049555277,1.0
baseline:sector_median,RTX,49,0.11836389853661919,0.18580383805671585,-0.3412610408087653,0.6530612244897959
baseline:sector_median,SBUX,43,0.07409025500582644,0.13484933788340647,0.11618828646978341,0.8837209302325582
baseline:sector_median,SCCO,39,0.14442457799933583,0.19425570292950117,-0.11027752525313139,0.5641025641025641
baseline:sector_median,SHW,49,0.07570434165285972,0.10750072374166557,-0.0808026583244712,0.5918367346938775
baseline:sector_median,SLB,49,0.151459877204887,0.2321208394642408,-0.6848113988898661,0.7346938775510204
baseline:sector_median,SPG,49,0.06779549490313058,0.08984232210212717,0.04333561306027056,0.8775510204081632
baseline:sector_median,T,49,0.10726048214824509,0.17601988063187937,0.034986944922035246,0.6122448979591837
baseline:sector_median,TMO,42,0.09145835637354915,0.1420155200844157,-0.07700173170183477,0.9047619047619048
baseline:sector_median,TMUS,49,0.11187376994929331,0.2205091297550143,-0.3040313739616587,0.7959183673469388
baseline:sector_median,TSLA,49,0.3910009847394562,0.5402194728954604,-0.7350258451251959,0.8775510204081632
baseline:sector_median,TTWO,49,0.28515417785973785,0.4540129200255421,-0.1048247855165938,0.7142857142857143
baseline:sector_median,UNH,49,0.06705718504282904,0.09704866521875669,-1.8236974019068075,0.9387755102040817
baseline:sector_median,UNP,49,0.07062276848823718,0.09544468074637884,0.16773208534831363,0.7346938775510204
baseline:sector_median,UPS,49,0.0857100354129962,0.11926019298644762,-1.6037909326410715,0.5510204081632653
baseline:sector_median,USB,49,0.04437529332734952,0.06207266443081165,-0.16381317478227242,0.6938775510204082
baseline:sector_median,V,49,0.08323670452061313,0.10076487478700302,-0.22199580166661215,0.9387755102040817
baseline:sector_median,VLO,33,0.18942181563455668,0.35051397368511006,0.45878065337852636,0.8484848484848485
baseline:sector_median,VZ,49,0.05492285501946157,0.07319252973003969,-2.8707455814657896,0.7142857142857143
baseline:sector_median,WBD,49,0.27307776196959677,0.6565406782627131,-0.09305370420099646,0.7142857142857143
baseline:sector_median,WFC,49,0.06416291394002498,0.0822645613529549,-0.33934305941382803,0.6938775510204082
baseline:sector_median,WMB,49,0.21502461616048918,0.2601367964408491,0.18296519534185363,0.5918367346938775
baseline:sector_median,WMT,49,0.024606345475584164,0.03072337423994338,-0.37094555552559516,0.8367346938775511
baseline:sector_median,XOM,33,0.15699829796330744,0.2515039520199083,0.43183734976146504,0.8181818181818182
baseline:trailing_mean4,AAPL,45,0.11707250784107731,0.15319757891820224,-0.2763004690536508,0.7333333333333333
baseline:trailing_mean4,ABBV,49,0.0902463937083028,0.13195231301900895,0.06188338746610267,0.8775510204081632
baseline:trailing_mean4,ABT,49,0.09723082152885412,0.12474763354377431,0.013882718552189588,0.7551020408163265
baseline:trailing_mean4,ADBE,49,0.03596598366360686,0.05275729110460967,0.47271698899296366,0.9387755102040817
baseline:trailing_mean4,AMGN,49,0.04851541687389855,0.06200278566688801,0.06366517468153665,0.7346938775510204
baseline:trailing_mean4,AMT,48,0.2559057815404417,0.3822007032587001,-0.09091327499771995,0.7291666666666666
baseline:trailing_mean4,AMZN,49,0.06489063699381814,0.0875944493633056,0.2872364797761061,1.0
baseline:trailing_mean4,APD,49,0.08014398000298918,0.10675554592924201,0.2257334418513024,0.6938775510204082
baseline:trailing_mean4,AVB,44,0.2231073778728316,0.41736629650243806,-0.20875369758264628,0.7272727272727273
baseline:trailing_mean4,BA,49,0.13626902472870484,0.19317974085389694,-0.017798931419470865,0.6122448979591837
baseline:trailing_mean4,BAC,49,0.04968752515853382,0.06041394739324556,-0.04673051048579846,0.673469387755102
baseline:trailing_mean4,BKNG,49,0.2247600020076587,0.5165976060357638,-0.09756946001949562,0.9387755102040817
baseline:trailing_mean4,BKR,37,0.1689809286361501,0.25842775515954924,-0.10707801472278966,0.6756756756756757
baseline:trailing_mean4,BMY,49,0.1059239999952885,0.17085482293501802,0.13738404453607822,0.7755102040816326
baseline:trailing_mean4,BRK.B,49,0.09536260291519555,0.13466244154073634,-0.16964042906040877,0.6938775510204082
baseline:trailing_mean4,C,48,0.05777813242629873,0.07243793107071661,-0.3722479050938141,0.5208333333333334
baseline:trailing_mean4,CAT,49,0.12563259703916155,0.1530949643474295,0.13536946019997442,0.7142857142857143
baseline:trailing_mean4,CCI,48,0.31341955384731107,0.41694308015014486,-0.21951659181300398,0.6458333333333334
baseline:trailing_mean4,CHTR,46,0.0764790608741698,0.24281967679895697,-0.04977425552758308,0.9565217391304348
baseline:trailing_mean4,CL,49,0.03410997334870847,0.038807109597716084,0.3651722480415853,0.7346938775510204
baseline:trailing_mean4,CMCSA,49,0.063070554295956,0.08822208896612524,-0.27877663823291354,0.7346938775510204
baseline:trailing_mean4,COP,47,0.2828821161294103,0.45142590011067996,0.05824019011837778,0.6170212765957447
baseline:trailing_mean4,COST,49,0.029765717465906182,0.04101590374767526,0.2984456459462629,1.0
baseline:trailing_mean4,CRM,49,0.03248221889659585,0.045607580221802564,0.6967523620239319,1.0
baseline:trailing_mean4,CSCO,47,0.060211205698835354,0.07831047071085075,-0.4143370169428737,0.574468085106383
baseline:trailing_mean4,CVX,49,0.19808988503691177,0.3293815903436322,0.12381563045854216,0.7346938775510204
baseline:trailing_mean4,DD,35,0.24838163424562062,0.31855737337784973,-0.34903798752243853,0.7142857142857143
baseline:trailing_mean4,DE,45,0.14017792613532218,0.16126768651464102,0.17766996137169755,0.7111111111111111
baseline:trailing_mean4,DIS,25,0.1499987093197002,0.2354932267859217,-0.5885438854378027,0.72
baseline:trailing_mean4,DLR,49,0.09400081581825129,0.11386909834440609,-0.35384376535328377,0.9591836734693877
baseline:trailing_mean4,DOW,29,0.16745873014820395,0.22548508397503153,-0.020425596251396394,0.6896551724137931
baseline:trailing_mean4,EA,49,0.1430503576525696,0.19080795648963766,-0.47600252985421543,0.5714285714285714
baseline:trailing_mean4,ECL,49,0.05577484486382207,0.07519442694372157,0.15324307225473366,0.8163265306122449
baseline:trailing_mean4,EOG,49,0.36263743140351135,0.6053506842512005,-0.15633808954591744,0.6938775510204082
baseline:trailing_mean4,EQIX,49,0.05554194088826871,0.08130422342317212,0.08629963410819252,0.9795918367346939
baseline:trailing_mean4,EQR,25,0.0695598693976998,0.10265041815784598,-0.8003662019084825,0.8
baseline:trailing_mean4,ETN,46,0.07530618936967776,0.1185730219096814,-0.43265412747074405,0.8043478260869565
baseline:trailing_mean4,F,49,0.09188243905446405,0.14102362791365491,-0.1432707110299971,0.5918367346938775
baseline:trailing_mean4,FCX,49,0.22654458850422848,0.2867901274374707,-0.08682229898459126,0.5510204081632653
baseline:trailing_mean4,GE,45,0.25053077933446577,0.4191304811179473,-0.09192779623046876,0.6666666666666666
baseline:trailing_mean4,GIS,31,0.045440771022626926,0.06685683903186934,-0.00023066258538806395,0.7741935483870968
baseline:trailing_mean4,GM,49,0.1499320230165511,0.27983705587484164,-0.32355188093266807,0.5714285714285714
baseline:trailing_mean4,GOOGL,42,0.0749510114961188,0.11496941353523277,-0.18097736667849706,0.9761904761904762
baseline:trailing_mean4,GS,49,0.1791464282173137,0.23689725299921485,-0.23346631629101178,0.5918367346938775
baseline:trailing_mean4,HAL,49,0.1713416941929149,0.22811626953706624,0.16501415131276398,0.673469387755102
baseline:trailing_mean4,HD,49,0.054258821118594244,0.074306059467867,-0.02970606708512813,0.8571428571428571
baseline:trailing_mean4,HON,49,0.08266726767327141,0.14368275632075245,-0.3383306893694864,0.6938775510204082
baseline:trailing_mean4,INTC,43,0.09728668864853311,0.1217746210740651,-0.1395462214219514,0.46511627906976744
baseline:trailing_mean4,JNJ,32,0.12147207156056719,0.2723608711499106,-0.5455552082645518,0.8125
baseline:trailing_mean4,JPM,49,0.06538680158014057,0.08528948449321422,0.0426026778611015,0.6938775510204082
baseline:trailing_mean4,KMB,49,0.11193716381022803,0.2867962605942859,-0.4674428643231503,0.5102040816326531
baseline:trailing_mean4,KO,26,0.06948615271179515,0.11557513483115374,-0.34176083393260837,0.7692307692307693
baseline:trailing_mean4,LIN,33,0.2339173990741881,0.4209200783821811,-0.09293864083290249,0.6060606060606061
baseline:trailing_mean4,LLY,49,0.09331968488841415,0.11884478714493217,0.5784657451810288,0.673469387755102
baseline:trailing_mean4,LMT,49,0.0653398697373283,0.08489277414996506,-0.1014569520809141,0.7755102040816326
baseline:trailing_mean4,LOW,49,0.05889316650083055,0.08533502026773121,0.12115451186843496,0.8367346938775511
baseline:trailing_mean4,MA,47,0.1472474994758279,0.22505068792301833,-0.09843421305701305,0.8297872340425532
baseline:trailing_mean4,MCD,49,0.0770431628541242,0.12554924523171745,-0.20021962227125756,0.6530612244897959
baseline:trailing_mean4,MDLZ,49,0.04757197682981354,0.057518252306068274,0.5416541836631528,0.7346938775510204
baseline:trailing_mean4,META,49,0.10353634896756139,0.13174539261528276,0.46527783310145365,0.8979591836734694
baseline:trailing_mean4,MO,49,0.03154086092797108,0.043371641765059074,-0.19251774324779092,0.6326530612244898
baseline:trailing_mean4,MRK,31,0.16300416601002427,0.31977765481596165,-0.31885662769450995,0.7741935483870968
baseline:trailing_mean4,MS,49,0.15534737415732566,0.2116318249926529,-0.3474120688931317,0.6326530612244898
baseline:trailing_mean4,MSFT,49,0.05638770900666827,0.07885493118963068,0.11857848991996012,0.8979591836734694
baseline:trailing_mean4,NEM,33,0.19869196667159575,0.25403315538072574,-0.06696533895926082,0.7878787878787878
baseline:trailing_mean4,NFLX,49,0.04198624567890882,0.05142499923653391,0.7015940457023544,1.0
baseline:trailing_mean4,NKE,49,0.09165271592746742,0.18340666689091942,-0.37536560521483064,0.7959183673469388
baseline:trailing_mean4,NUE,37,0.21432647584059022,0.29929945166091326,-0.029341455679034567,0.6756756756756757
baseline:trailing_mean4,NVDA,49,0.39003576463936623,0.5957468917020273,0.04983567066432315,0.7959183673469388
baseline:trailing_mean4,O,33,0.12192875020699193,0.1993387464511301,0.04461924551720664,1.0
baseline:trailing_mean4,ORCL,47,0.16488337427700456,0.43957188886335014,-0.28008461306883126,0.723404255319149
baseline:trailing_mean4,OXY,49,0.35159483661514623,0.48040811316124576,-0.253492834470177,0.5918367346938775
baseline:trailing_mean4,PEP,49,0.031801884737870864,0.04318136243746302,0.344656566841985,0.7551020408163265
baseline:trailing_mean4,PFE,26,0.4484862467368211,0.6202523794797631,-0.4401559777861688,0.4230769230769231
baseline:trailing_mean4,PG,49,0.03020495551777302,0.037187003582172015,0.5667482697741892,0.8571428571428571
baseline:trailing_mean4,PLD,33,0.18722566231417823,0.2466643847055886,-0.2646559112920639,0.8787878787878788
baseline:trailing_mean4,PSA,49,0.03198600123041381,0.048434258621235154,0.4470890161747608,1.0
baseline:trailing_mean4,RTX,49,0.12213085994318228,0.17796521525527337,-0.23047897362837433,0.7755102040816326
baseline:trailing_mean4,SBUX,43,0.0912283428983419,0.17530001832784214,-0.4935715738290307,0.8372093023255814
baseline:trailing_mean4,SCCO,39,0.15694721690011326,0.1956955650839981,-0.1267977232155597,0.5641025641025641
baseline:trailing_mean4,SHW,49,0.06827859679584873,0.10375404884761888,-0.0067780416227618545,0.9387755102040817
baseline:trailing_mean4,SLB,49,0.11976426599894523,0.15572531442295284,0.24169929464417583,0.6530612244897959
baseline:trailing_mean4,SPG,49,0.06572585691800761,0.10401394564951291,-0.2822739299984869,0.8775510204081632
baseline:trailing_mean4,T,49,0.10590486591706885,0.20713694457342183,-0.3363643330031034,0.5102040816326531
baseline:trailing_mean4,TMO,42,0.11020071563925604,0.15321650917406565,-0.2535911314106709,0.8571428571428571
baseline:trailing_mean4,TMUS,49,0.1194156037890216,0.20251010009386494,-0.09983684930661019,0.8979591836734694
baseline:trailing_mean4,TSLA,49,0.3082665230995228,0.41014911850228497,-0.0001129339160541587,0.8571428571428571
baseline:trailing_mean4,TTWO,49,0.3459320457685327,0.5063462053107587,-0.37420683398232146,0.6326530612244898
baseline:trailing_mean4,UNH,49,0.04167622160457776,0.05905497096075414,-0.04556717805265409,1.0
baseline:trailing_mean4,UNP,49,0.0704046778796573,0.10559264841164769,-0.01865485258347377,0.673469387755102
baseline:trailing_mean4,UPS,49,0.04695374349185644,0.059116940115038874,0.36020773000119155,0.7959183673469388
baseline:trailing_mean4,USB,49,0.04052719823195194,0.06370499456371195,-0.2258277822506427,0.7142857142857143
baseline:trailing_mean4,V,49,0.06468717252376936,0.10062871854276381,-0.2186956447618531,0.9387755102040817
baseline:trailing_mean4,VLO,33,0.29639004780600625,0.48236875900315046,-0.02499320229368407,0.7575757575757576
baseline:trailing_mean4,VZ,49,0.03191488636541662,0.04079309773882755,-0.20235989824535028,0.673469387755102
baseline:trailing_mean4,WBD,49,0.32149676786804404,0.6334782328105096,-0.017610581779509582,0.7755102040816326
baseline:trailing_mean4,WFC,49,0.057967273773662245,0.08362399878398392,-0.3839746043291128,0.5714285714285714
baseline:trailing_mean4,WMB,49,0.19769122028556926,0.28791931993494957,-0.0008721335496606475,0.6326530612244898
baseline:trailing_mean4,WMT,49,0.016986595368516818,0.02224106223813559,0.2815551487436947,0.8775510204081632
baseline:trailing_mean4,XOM,33,0.21848946622133755,0.3331769429000018,0.002913281922473976,0.6666666666666666
baseline:trailing_mean8,AAPL,45,0.1271924139749432,0.15782142100350538,-0.3545062827664611,0.8222222222222222
baseline:trailing_mean8,ABBV,49,0.11324488699983296,0.15224349365966813,-0.24882129228319516,0.7755102040816326
baseline:trailing_mean8,ABT,49,0.12129428776403152,0.15713720650147842,-0.5646672576064935,0.5918367346938775
baseline:trailing_mean8,ADBE,49,0.045980393146531184,0.06559760858729548,0.18481755813948042,0.8979591836734694
baseline:trailing_mean8,AMGN,49,0.04824799117973546,0.06348306677677464,0.018422555939727636,0.7959183673469388
baseline:trailing_mean8,AMT,48,0.2661114650476021,0.3864714744878314,-0.11542956405631277,0.6458333333333334
baseline:trailing_mean8,AMZN,49,0.07547650252664778,0.09814524931038714,0.1051899455119113,1.0
baseline:trailing_mean8,APD,49,0.10765930367062733,0.13401386663690876,-0.2201383733592286,0.5510204081632653
baseline:trailing_mean8,AVB,44,0.26335073849195506,0.4408051604691798,-0.3483306425949404,0.6818181818181818
baseline:trailing_mean8,BA,49,0.13911136341833263,0.20015684445402399,-0.09264661207760083,0.6122448979591837
baseline:trailing_mean8,BAC,49,0.05032329079112303,0.0613302457493201,-0.07872282202933345,0.6122448979591837
baseline:trailing_mean8,BKNG,49,0.29367367779277126,0.5480835471506615,-0.23543746174027924,0.8979591836734694
baseline:trailing_mean8,BKR,37,0.19869694311720315,0.2564230226915866,-0.08996849914829652,0.7027027027027027
baseline:trailing_mean8,BMY,49,0.12445804460167574,0.18863994444503843,-0.05155095268669063,0.7551020408163265
baseline:trailing_mean8,BRK.B,49,0.10213371853457899,0.13161742124212977,-0.11734208723384976,0.6530612244897959
baseline:trailing_mean8,C,48,0.058945329874722154,0.06955999028130183,-0.2653758052803794,0.4583333333333333
baseline:trailing_mean8,CAT,49,0.1545085888149381,0.18799634147542665,-0.3037897269710923,0.5510204081632653
baseline:trailing_mean8,CCI,48,0.32279462050476593,0.42516922128668333,-0.26811257135024125,0.5833333333333334
baseline:trailing_mean8,CHTR,46,0.10244707930977798,0.2565069140724183,-0.17145690432713945,0.9347826086956522
baseline:trailing_mean8,CL,49,0.03765086328686366,0.04408594165399366,0.1807177368805688,0.7142857142857143
baseline:trailing_mean8,CMCSA,49,0.06499474137222089,0.08551994172802747,-0.2016412050917351,0.7755102040816326
baseline:trailing_mean8,COP,47,0.3772134100470156,0.5333306405463355,-0.3144990536638461,0.5319148936170213
baseline:trailing_mean8,COST,49,0.03829123201540734,0.04894133844544198,0.0011312223820271194,1.0
baseline:trailing_mean8,CRM,49,0.038213785847075105,0.04952983538072943,0.6423509016835676,1.0
baseline:trailing_mean8,CSCO,47,0.06205603560047786,0.07494170972731423,-0.2952703764414757,0.48936170212765956
baseline:trailing_mean8,CVX,49,0.2742602446187419,0.39795695255443586,-0.27899559937189244,0.5714285714285714
baseline:trailing_mean8,DD,35,0.23672174703606522,0.31541499770355746,-0.3225543709729852,0.6571428571428571
baseline:trailing_mean8,DE,45,0.16610973167914025,0.1919699842067208,-0.16524728989087833,0.5333333333333333
baseline:trailing_mean8,DIS,25,0.16509547277056405,0.217960046968309,-0.3608058317572205,0.72
baseline:trailing_mean8,DLR,49,0.09932594945539953,0.1116645067356234,-0.3019283661529355,0.9591836734693877
baseline:trailing_mean8,DOW,29,0.21085009112527645,0.27671503659595253,-0.5367783224245215,0.5517241379310345
baseline:trailing_mean8,EA,49,0.12760641406870296,0.1768953782182517,-0.26860702921658364,0.6938775510204082
baseline:trailing_mean8,ECL,49,0.08683165417229735,0.11197626992200488,-0.8777572333546084,0.6530612244897959
baseline:trailing_mean8,EOG,49,0.4228727850379051,0.6348228227053866,-0.2716740813156553,0.6122448979591837
baseline:trailing_mean8,EQIX,49,0.054086508093211194,0.07740466335190234,0.1718445979519283,0.9795918367346939
baseline:trailing_mean8,EQR,25,0.0858645189278107,0.10218008309035717,-0.7839057636632918,0.64
baseline:trailing_mean8,ETN,46,0.0824873788224862,0.1212767566991246,-0.4987345771804983,0.6521739130434783
baseline:trailing_mean8,F,49,0.08584000433178356,0.14016216469669548,-0.12934570398147827,0.6122448979591837
baseline:trailing_mean8,FCX,49,0.25471151049534035,0.3247996362303419,-0.39399499653903525,0.4897959183673469
baseline:trailing_mean8,GE,45,0.33684539621040205,0.4544319489145405,-0.28361015312997506,0.6
baseline:trailing_mean8,GIS,31,0.04363037167097909,0.061195652900266614,0.16198917172874694,0.7419354838709677
baseline:trailing_mean8,GM,49,0.12244858919171715,0.24915485841655138,-0.04922648295026355,0.5918367346938775
baseline:trailing_mean8,GOOGL,42,0.08728734172901419,0.12546753688292384,-0.4064998393749717,0.9761904761904762
baseline:trailing_mean8,GS,49,0.1778503465181463,0.24148763332472534,-0.2817314334368528,0.46938775510204084
baseline:trailing_mean8,HAL,49,0.24466583037461806,0.2939203116982944,-0.38619967463902105,0.5102040816326531
baseline:trailing_mean8,HD,49,0.056942833789144345,0.07888654817410282,-0.1605683328604468,0.7755102040816326
baseline:trailing_mean8,HON,49,0.07682999177837616,0.1326594642378355,-0.14085542963435338,0.6326530612244898
baseline:trailing_mean8,INTC,43,0.08956740023594083,0.11474531176890818,-0.011785083171754973,0.627906976744186
baseline:trailing_mean8,JNJ,32,0.10824315343488929,0.23781249220447082,-0.17832318262538016,0.90625
baseline:trailing_mean8,JPM,49,0.064552327282871,0.08920237742731778,-0.047258968502733145,0.7346938775510204
baseline:trailing_mean8,KMB,49,0.08776825244493688,0.2552531221522924,-0.1624020243899882,0.6122448979591837
baseline:trailing_mean8,KO,26,0.07463468415374278,0.11107014547032829,-0.239198772228137,0.6923076923076923
baseline:trailing_mean8,LIN,33,0.2599891683282505,0.41112630365370023,-0.04267034730133279,0.696969696969697
baseline:trailing_mean8,LLY,49,0.10971711564820542,0.1312879346644646,0.48557480540274267,0.6530612244897959
baseline:trailing_mean8,LMT,49,0.06358279328685665,0.08424213887254063,-0.0846380768727677,0.8163265306122449
baseline:trailing_mean8,LOW,49,0.0689912585614536,0.0935412401861137,-0.0560006430103448,0.8163265306122449
baseline:trailing_mean8,MA,47,0.18041592201881118,0.2431902957050039,-0.2826431421210176,0.7872340425531915
baseline:trailing_mean8,MCD,49,0.069562007470236,0.11449153716054807,0.001887986678422049,0.7346938775510204
baseline:trailing_mean8,MDLZ,49,0.057507342674845356,0.06919029343077304,0.33675764398502206,0.8571428571428571
baseline:trailing_mean8,META,49,0.11553907943385074,0.1435032446324668,0.3655743148905941,0.9387755102040817
baseline:trailing_mean8,MO,49,0.030920830106866855,0.040422724268049104,-0.03586768258063944,0.5714285714285714
baseline:trailing_mean8,MRK,31,0.16925342966830728,0.3033896534445392,-0.18714260513330627,0.7741935483870968
baseline:trailing_mean8,MS,49,0.1392296275598242,0.19426755328833378,-0.13537419651849758,0.5510204081632653
baseline:trailing_mean8,MSFT,49,0.06765922254789639,0.08881190040926108,-0.11806810110428079,0.7959183673469388
baseline:trailing_mean8,NEM,33,0.20088825286656073,0.2680304848404462,-0.18778514608551888,0.6666666666666666
baseline:trailing_mean8,NFLX,49,0.055278781214425865,0.06606073294164881,0.5075686742402398,1.0
baseline:trailing_mean8,NKE,49,0.07682768632449463,0.16375589322050646,-0.09643224496923963,0.7755102040816326
baseline:trailing_mean8,NUE,37,0.26715093098590187,0.3568928296670788,-0.4636029184372912,0.40540540540540543
baseline:trailing_mean8,NVDA,49,0.4192720509486626,0.6311081914779796,-0.06630829180949083,0.8571428571428571
baseline:trailing_mean8,O,33,0.13633074208575427,0.209673190398449,-0.05700940052642389,1.0
baseline:trailing_mean8,ORCL,47,0.16953262198124602,0.41915769466478947,-0.1639484370900739,0.7021276595744681
baseline:trailing_mean8,OXY,49,0.35123031365432106,0.45960848678932814,-0.14730072549268414,0.5510204081632653
baseline:trailing_mean8,PEP,49,0.03570630027612258,0.046446672025498174,0.2417970437779271,0.6938775510204082
baseline:trailing_mean8,PFE,26,0.4110307218032503,0.6081685580135677,-0.3845880548701881,0.46153846153846156
baseline:trailing_mean8,PG,49,0.03472097927252687,0.04559433793451825,0.3487019736205228,0.8571428571428571
baseline:trailing_mean8,PLD,33,0.18906245460351287,0.24646245179145226,-0.2625861262954603,0.9090909090909091
baseline:trailing_mean8,PSA,49,0.04638300139424413,0.06638752368041825,-0.03877823936756353,1.0
baseline:trailing_mean8,RTX,49,0.1254529296136302,0.1807303629901775,-0.2690133478796364,0.6326530612244898
baseline:trailing_mean8,SBUX,43,0.08743070184512333,0.15946659572608926,-0.2359518801213747,0.813953488372093
baseline:trailing_mean8,SCCO,39,0.15301671037496742,0.2003498641730368,-0.18103317808843955,0.6410256410256411
baseline:trailing_mean8,SHW,49,0.08241181401471624,0.11500704753595097,-0.23700808085563718,0.9387755102040817
baseline:trailing_mean8,SLB,49,0.1615243010534415,0.19748556065566736,-0.21953346341836966,0.5714285714285714
baseline:trailing_mean8,SPG,49,0.060587113512429354,0.09792025238675767,-0.13643007548531827,0.8367346938775511
baseline:trailing_mean8,T,49,0.09988741430604607,0.19330119759217781,-0.16380128882215472,0.6530612244897959
baseline:trailing_mean8,TMO,42,0.12054349923622935,0.15042924695787496,-0.20839619001027332,0.7619047619047619
baseline:trailing_mean8,TMUS,49,0.1692106605507874,0.24953842026284584,-0.6699740879399081,0.8163265306122449
baseline:trailing_mean8,TSLA,49,0.3459980198371537,0.4116487630035632,-0.007439809477643555,0.8367346938775511
baseline:trailing_mean8,TTWO,49,0.34947974593146847,0.5040962437962766,-0.3620213254770004,0.6326530612244898
baseline:trailing_mean8,UNH,49,0.04738992263134159,0.06421584497179653,-0.2362987326938808,1.0
baseline:trailing_mean8,UNP,49,0.09050282579813881,0.1219589459009303,-0.3588984931783894,0.5102040816326531
baseline:trailing_mean8,UPS,49,0.05482000045378112,0.07257653220850835,0.03571031475787745,0.8367346938775511
baseline:trailing_mean8,USB,49,0.042065463670079205,0.06628237863951504,-0.32702365553257806,0.7142857142857143
baseline:trailing_mean8,V,49,0.07468931855632609,0.1045502622700414,-0.3155326399276459,0.8979591836734694
baseline:trailing_mean8,VLO,33,0.38853901731117185,0.5552984696955763,-0.3583622173270846,0.5454545454545454
baseline:trailing_mean8,VZ,49,0.0321558312413318,0.042996552685573265,-0.335759847600396,0.5306122448979592
baseline:trailing_mean8,WBD,49,0.4174190381569093,0.6877662544274565,-0.19949915861084722,0.7142857142857143
baseline:trailing_mean8,WFC,49,0.05484825666053052,0.0741856159101141,-0.08919508314742197,0.5510204081632653
baseline:trailing_mean8,WMB,49,0.22516639401994484,0.3418322276115425,-0.4107920132704863,0.46938775510204084
baseline:trailing_mean8,WMT,49,0.017869701901918163,0.022771204731551375,0.2468969579386242,0.9387755102040817
baseline:trailing_mean8,XOM,33,0.2765623346781056,0.3907147124422405,-0.3712056157078245,0.48484848484848486
catboost,AAPL,45,0.09351030112754187,0.11664416364415055,0.2600963801501932,0.8666666666666667
catboost,ABBV,49,0.05440028899777162,0.08399985944769972,0.6198281724567394,0.8979591836734694
catboost,ABT,49,0.061327614332138874,0.08758836748665612,0.5138650986108984,0.8571428571428571
catboost,ADBE,49,0.032110147029904036,0.04755079728211263,0.5716543026038925,1.0
catboost,AMGN,49,0.04272267382590566,0.051474620625288965,0.3546503459635385,0.7959183673469388
catboost,AMT,48,0.210006784130799,0.3238082175185074,0.21696171794327113,0.7708333333333334
catboost,AMZN,49,0.050927821280220914,0.06578148889660868,0.5980244034444895,1.0
catboost,APD,49,0.047121772938959985,0.061943606213288614,0.7393230800356028,0.8163265306122449
catboost,AVB,44,0.2256359369144471,0.41649833938276104,-0.20373146420441124,0.7954545454545454
catboost,BA,49,0.10057762076391837,0.14764638177102077,0.4054553855782054,0.7755102040816326
catboost,BAC,49,0.03789612169618364,0.04763017390535767,0.3493839216592911,0.7142857142857143
catboost,BKNG,49,0.20198701400778515,0.43949784033498324,0.205597272995939,0.9183673469387755
catboost,BKR,37,0.09926891133489445,0.17510682582396164,0.49171643499999973,0.8108108108108109
catboost,BMY,49,0.06725011631227358,0.11984152853278066,0.5755977469673106,0.8571428571428571
catboost,BRK.B,49,0.09056194317292537,0.1258585728584897,-0.02170379970453218,0.7142857142857143
catboost,C,48,0.04376838084402645,0.05900346282988097,0.08955125420824195,0.75
catboost,CAT,49,0.05436028230788991,0.07051331367366474,0.8165781760493666,0.8775510204081632
catboost,CCI,48,0.22484093856811102,0.34858355058954293,0.14759114820892294,0.7916666666666666
catboost,CHTR,46,0.06666592325174836,0.22747727686041924,0.07869335006966782,0.8695652173913043
catboost,CL,49,0.025793633897480576,0.03347464545080651,0.5276485189703866,0.8367346938775511
catboost,CMCSA,49,0.047725461685047314,0.0651679391283668,0.3022369080909214,0.7551020408163265
catboost,COP,47,0.2343817016442883,0.3953060815211054,0.27783872060032255,0.7659574468085106
catboost,COST,49,0.028826522917421486,0.03730426138832347,0.419671840070876,1.0
catboost,CRM,49,0.03505011523137769,0.04575834010790619,0.6947442247411051,1.0
catboost,CSCO,47,0.03277190769243034,0.04338387693104397,0.5659198183451069,0.8297872340425532
catboost,CVX,49,0.13775204205035185,0.22665637774669128,0.5851102122796483,0.8571428571428571
catboost,DD,35,0.18680350477367869,0.2671924188518581,0.05093246258374684,0.7714285714285715
catboost,DE,45,0.0926590539919141,0.11776508043378638,0.5614849437544362,0.7777777777777778
catboost,DIS,25,0.09512011382399019,0.15846412507032778,0.280709556397551,0.76
catboost,DLR,49,0.0456224730214438,0.06463436705239868,0.5638018832239026,0.9591836734693877
catboost,DOW,29,0.08634689742854343,0.11799694958790181,0.7205608395094196,0.896551724137931
catboost,EA,49,0.1302461070677146,0.16518466019496472,-0.10619978492045745,0.7142857142857143
catboost,ECL,49,0.03825155482300372,0.05540551231965713,0.5402799971432293,0.8571428571428571
catboost,EOG,49,0.2805858838311605,0.4720333330124198,0.29690162904633033,0.7959183673469388
catboost,EQIX,49,0.046297377333404485,0.06685358973805566,0.3822296639891911,0.9795918367346939
catboost,EQR,25,0.03470810340742972,0.053904323484227315,0.5035373222048882,0.96
catboost,ETN,46,0.049548751283088235,0.07842838391905105,0.37321858432493404,0.8913043478260869
catboost,F,49,0.08933333994083986,0.14043707972718691,-0.13378026151475098,0.7142857142857143
catboost,FCX,49,0.16172113374984798,0.19324952434317752,0.506522888609336,0.7346938775510204
catboost,GE,45,0.2525546883383304,0.3874303710825705,0.06699761302104823,0.6444444444444445
catboost,GIS,31,0.04395916714606533,0.0603596678736562,0.1847286741622921,0.8064516129032258
catboost,GM,49,0.1221395290647793,0.23792751879335194,0.04320284612430525,0.6530612244897959
catboost,GOOGL,42,0.049912992793850704,0.0741603871802361,0.5086161038123493,0.9761904761904762
catboost,GS,49,0.14131365400760415,0.19763193883516048,0.1415371474076712,0.673469387755102
catboost,HAL,49,0.06974745281583337,0.09969205372743012,0.840526810883234,0.8775510204081632
catboost,HD,49,0.03835655382995446,0.05758128062033441,0.3816598472070145,0.8571428571428571
catboost,HON,49,0.0657645259280427,0.11357011353992519,0.16385373226250255,0.7959183673469388
catboost,INTC,43,0.0732725012244208,0.09654148187901111,0.2837802489218403,0.6976744186046512
catboost,JNJ,32,0.12373066369453968,0.2172566684821688,0.01657481783051895,0.8125
catboost,JPM,49,0.06014292510096026,0.07715253263123013,0.21656746497034995,0.673469387755102
catboost,KMB,49,0.09854998099787012,0.2217855824203906,0.12243184944834917,0.6122448979591837
catboost,KO,26,0.06584886190220572,0.09190812252510423,0.1514956322983122,0.8076923076923077
catboost,LIN,33,0.1474770476774121,0.2796692236660638,0.5175127412555034,0.696969696969697
catboost,LLY,49,0.08446190656658933,0.11295053901257117,0.61924184532151,0.7959183673469388
catboost,LMT,49,0.06504997988427622,0.08558309941893746,-0.1194432909805212,0.7959183673469388
catboost,LOW,49,0.042926630067105245,0.06316260823284961,0.5185202277873036,0.8979591836734694
catboost,MA,47,0.1104774569333802,0.18798970827236977,0.2335540923265832,0.8723404255319149
catboost,MCD,49,0.0627205802410573,0.1030611012700054,0.1912355223450667,0.7346938775510204
catboost,MDLZ,49,0.03402191140264387,0.04449084777960963,0.7257647542101049,0.8163265306122449
catboost,META,49,0.06311283267532843,0.0810496028263822,0.7976239579407672,0.9795918367346939
catboost,MO,49,0.0387297714938431,0.050770208181474374,-0.6340713438930243,0.5510204081632653
catboost,MRK,31,0.16246507391535,0.279906008503405,-0.010475532914235641,0.6451612903225806
catboost,MS,49,0.1255033386474382,0.17656902054013687,0.06207633295465331,0.6938775510204082
catboost,MSFT,49,0.045235987787576586,0.059054781524970734,0.5056482625285861,0.9387755102040817
catboost,NEM,33,0.14811751203379894,0.18713172510980744,0.42101895146785473,0.7272727272727273
catboost,NFLX,49,0.04764397270302908,0.053852837811399094,0.6727526908484405,0.9795918367346939
catboost,NKE,49,0.07036668154510332,0.14757738287077074,0.10951310734361142,0.9183673469387755
catboost,NUE,37,0.13791449989070995,0.21281234571813354,0.4795952415075885,0.8648648648648649
catboost,NVDA,49,0.21453036439614392,0.40241929033605606,0.5664564456561341,0.9591836734693877
catboost,O,33,0.08699925812695469,0.14312559741354344,0.5074756940848639,1.0
catboost,ORCL,47,0.1622624908248599,0.41988683639238067,-0.16800142976824928,0.8297872340425532
catboost,OXY,49,0.24440770579926638,0.35828945641503596,0.3027809487039854,0.7346938775510204
catboost,PEP,49,0.03707589921756841,0.050198196655415514,0.11436962891839342,0.7755102040816326
catboost,PFE,26,0.34279358306963303,0.5321249289355602,-0.05998535188530907,0.6153846153846154
catboost,PG,49,0.022668542860244504,0.031227675829870828,0.6944816785713321,0.8367346938775511
catboost,PLD,33,0.17104885054386967,0.22989971619319363,-0.09859180267209022,0.8484848484848485
catboost,PSA,49,0.028708425347409666,0.03827256697875712,0.6547568359269244,1.0
catboost,RTX,49,0.08116261633161835,0.12503104659673206,0.39264909700009865,0.8367346938775511
catboost,SBUX,43,0.06849956971362907,0.12097382808763235,0.28871284868212277,0.7906976744186046
catboost,SCCO,39,0.11944598044933472,0.14915753312746716,0.3454024467799679,0.6923076923076923
catboost,SHW,49,0.04022976258281928,0.06082716842711188,0.6539659561764579,0.8571428571428571
catboost,SLB,49,0.06275477378908997,0.08242913271238822,0.7875364235016977,0.8367346938775511
catboost,SPG,49,0.03921198404805914,0.05651207647679409,0.6214875220186256,0.9183673469387755
catboost,T,49,0.09286937944374303,0.17241224956448437,0.07413859393902711,0.7142857142857143
catboost,TMO,42,0.08157159995146618,0.1147124968859717,0.29730599200099206,0.8809523809523809
catboost,TMUS,49,0.068012711871803,0.1271100291119454,0.5666941762869941,0.8571428571428571
catboost,TSLA,49,0.24684808614135828,0.3423344412215034,0.3032665401170497,0.8367346938775511
catboost,TTWO,49,0.2804102646117567,0.4570070644044945,-0.11944513072302176,0.7346938775510204
catboost,UNH,49,0.038064650858940154,0.051951667289553215,0.19083330143645172,1.0
catboost,UNP,49,0.0474505333582313,0.07208669345372606,0.5252446105679668,0.8367346938775511
catboost,UPS,49,0.034799549224075646,0.043145753343350024,0.6592065748400514,0.8163265306122449
catboost,USB,49,0.03481129726712529,0.050253004311863955,0.23720725238950602,0.6938775510204082
catboost,V,49,0.04299699607956495,0.06594698514570706,0.47659090282743577,0.9795918367346939
catboost,VLO,33,0.18414005202288905,0.32758334576649917,0.5272775057557768,0.9090909090909091
catboost,VZ,49,0.025290030487656098,0.03503042083163846,0.1133508124736704,0.8163265306122449
catboost,WBD,49,0.20840258884267232,0.49519574142828215,0.3781694943647621,0.7755102040816326
catboost,WFC,49,0.04953679163484963,0.0705754840315683,0.014233648803087195,0.5918367346938775
catboost,WMB,49,0.13045035491993545,0.1924321843159272,0.5529126302009697,0.7755102040816326
catboost,WMT,49,0.021204501344663503,0.028266370862990338,-0.1604394683008863,0.8979591836734694
catboost,XOM,33,0.12827173851749252,0.2097943939399771,0.6046599515834468,0.8484848484848485
elasticnet,AAPL,45,0.08737306023497944,0.11464379566633043,0.28525646161722307,0.8444444444444444
elasticnet,ABBV,49,0.052961477914115256,0.0921169087621583,0.5428049465853287,0.8979591836734694
elasticnet,ABT,49,0.05473251168879578,0.07998761790928823,0.5945759900378684,0.8775510204081632
elasticnet,ADBE,49,0.044281715315664695,0.05492124982712285,0.42857448783052865,0.9795918367346939
elasticnet,AMGN,49,0.04410910456951492,0.05574641430419965,0.24309277840051524,0.8367346938775511
elasticnet,AMT,48,0.2217954001812175,0.3456743249093494,0.10763709292894719,0.75
elasticnet,AMZN,49,0.07442286939505949,0.09795823860631649,0.10859672539187759,1.0
elasticnet,APD,49,0.050960733651151315,0.06362119155140865,0.7250123386505238,0.7755102040816326
elasticnet,AVB,44,0.2201664331792336,0.39643425224949586,-0.09054955777833773,0.7272727272727273
elasticnet,BA,49,0.10579253446640813,0.1455007327751939,0.4226100858248265,0.7142857142857143
elasticnet,BAC,49,0.047711880100442014,0.06000704935098668,-0.032678182587545956,0.673469387755102
elasticnet,BKNG,49,0.19658249307670703,0.41540076575586354,0.2903212173734564,0.9387755102040817
elasticnet,BKR,37,0.14823702147852044,0.21222606870384964,0.25338385915628303,0.7837837837837838
elasticnet,BMY,49,0.07759403340166175,0.13692219156948343,0.44599882592397666,0.8571428571428571
elasticnet,BRK.B,49,0.07968811727863934,0.11127909307290325,0.2012947157112197,0.7346938775510204
elasticnet,C,48,0.05253660025524379,0.06304269077056304,-0.03936953622093475,0.6875
elasticnet,CAT,49,0.06836128504252068,0.08577111687931706,0.7286118440778577,0.8979591836734694
elasticnet,CCI,48,0.21192511296991268,0.33019784796731405,0.23513876661018474,0.8125
elasticnet,CHTR,46,0.0795800178857667,0.22974292071162683,0.060249770515025225,0.8695652173913043
elasticnet,CL,49,0.033347345390132475,0.04129867301801172,0.2810387156025439,0.7551020408163265
elasticnet,CMCSA,49,0.04496024252540715,0.05865251599041467,0.43478547647148447,0.7755102040816326
elasticnet,COP,47,0.2006431398541761,0.3501680826818577,0.4333429141059173,0.851063829787234
elasticnet,COST,49,0.033758633604261686,0.043641385173227375,0.2057562481891395,0.9591836734693877
elasticnet,CRM,49,0.058032158499184444,0.07479950018299156,0.18431822824295885,1.0
elasticnet,CSCO,47,0.04772700709738266,0.05838908356358671,0.21372121647887365,0.6808510638297872
elasticnet,CVX,49,0.12430574255685772,0.21437614607656996,0.6288497344961351,0.7959183673469388
elasticnet,DD,35,0.17399261577954864,0.25445424168570624,0.1392674134725327,0.8
elasticnet,DE,45,0.08712057202366225,0.11554430029180085,0.5778677844972333,0.7777777777777778
elasticnet,DIS,25,0.09932379265672038,0.15260312997731929,0.33293330363893137,0.8
elasticnet,DLR,49,0.06061724567351585,0.07664813923371552,0.3865770532498187,0.9591836734693877
elasticnet,DOW,29,0.08684461625505546,0.11915551633181429,0.715046488458969,0.8275862068965517
elasticnet,EA,49,0.1144889807873044,0.1483124653196169,0.10823699998220171,0.7142857142857143
elasticnet,ECL,49,0.04668832112591531,0.06061395874953899,0.449784590986407,0.8163265306122449
elasticnet,EOG,49,0.2512145906051916,0.46206165157949397,0.3262937003113464,0.8775510204081632
elasticnet,EQIX,49,0.05946676350309716,0.07776965726736265,0.1640160166865947,0.9795918367346939
elasticnet,EQR,25,0.053853417409908386,0.06415626105364386,0.29673743971463806,0.96
elasticnet,ETN,46,0.05733286366864841,0.08009472954949362,0.34630154684357106,0.8043478260869565
elasticnet,F,49,0.08699804432690793,0.13880110933793716,-0.10751900128225245,0.6326530612244898
elasticnet,FCX,49,0.1502893515411394,0.18613657715452514,0.5421812307454947,0.7346938775510204
elasticnet,GE,45,0.2713389814159182,0.42800757868591216,-0.1386712304830755,0.6666666666666666
elasticnet,GIS,31,0.04855501654054222,0.06767633315939417,-0.024901489902545038,0.7741935483870968
elasticnet,GM,49,0.13140083722528634,0.24724930364144151,-0.033238731987021986,0.6122448979591837
elasticnet,GOOGL,42,0.04948396631712596,0.06977127834563229,0.5650590459112889,0.9285714285714286
elasticnet,GS,49,0.13243845903793064,0.19228025884488995,0.18740033148098645,0.7346938775510204
elasticnet,HAL,49,0.08048951836580957,0.1111021312460956,0.8019333421091773,0.8367346938775511
elasticnet,HD,49,0.04617121468786173,0.07529385168812086,-0.05726495871493209,0.8571428571428571
elasticnet,HON,49,0.06832083186477746,0.11589383978879239,0.12928737844456129,0.7551020408163265
elasticnet,INTC,43,0.0755835290121466,0.10315376460641126,0.18231028320676623,0.7209302325581395
elasticnet,JNJ,32,0.11014365126296338,0.22889951135120726,-0.09165353354079131,0.84375
elasticnet,JPM,49,0.06543329141436766,0.08661357738195787,0.01264533465912987,0.673469387755102
elasticnet,KMB,49,0.11727183415847892,0.2549722375956476,-0.15984518096168499,0.6122448979591837
elasticnet,KO,26,0.0561144567470982,0.07978347153748067,0.3606007067081871,0.8076923076923077
elasticnet,LIN,33,0.1642744390076542,0.30611606681287407,0.42194555553739554,0.7878787878787878
elasticnet,LLY,49,0.09531259141354749,0.13155080145137102,0.4835127625581722,0.7959183673469388
elasticnet,LMT,49,0.07077430533872953,0.09214554174743811,-0.29770127764433774,0.673469387755102
elasticnet,LOW,49,0.05246941796997847,0.08155093917967311,0.1973691109848953,0.8163265306122449
elasticnet,MA,47,0.10609114404587532,0.1723665110689246,0.3556539895589954,0.9574468085106383
elasticnet,MCD,49,0.07291886298575215,0.10530895161895873,0.15557109895258703,0.5714285714285714
elasticnet,MDLZ,49,0.04222365516856692,0.05427659695549028,0.5918619085808059,0.7755102040816326
elasticnet,META,49,0.12132260282479918,0.1554963627092107,0.2551003239305192,0.9591836734693877
elasticnet,MO,49,0.04566236467789748,0.059416288742475544,-1.2380210572250299,0.3877551020408163
elasticnet,MRK,31,0.1672442881261388,0.3117544270584181,-0.25350658159463757,0.6774193548387096
elasticnet,MS,49,0.12111712992178222,0.1810749233813595,0.013595376709333973,0.7959183673469388
elasticnet,MSFT,49,0.06481881503030665,0.07717133138380816,0.15581444546588696,0.8775510204081632
elasticnet,NEM,33,0.14635416683921484,0.19273867573713163,0.3858036271108565,0.7575757575757576
elasticnet,NFLX,49,0.06167379787834879,0.0724469458907483,0.4077581942499029,1.0
elasticnet,NKE,49,0.07849204007843605,0.15602438847716854,0.004656692115110994,0.9387755102040817
elasticnet,NUE,37,0.1400630907591723,0.19366074722525645,0.5690460874341612,0.7837837837837838
elasticnet,NVDA,49,0.2585713586667256,0.43234381510739467,0.4995811584375559,0.9795918367346939
elasticnet,O,33,0.08149420762934977,0.13584658231510377,0.5562989298255044,1.0
elasticnet,ORCL,47,0.26385715969065754,0.5000456370258055,-0.6565255546215398,0.8297872340425532
elasticnet,OXY,49,0.2629709672341635,0.38759582637747453,0.18405784126892744,0.7142857142857143
elasticnet,PEP,49,0.042705121180717724,0.05092884627966681,0.08840077737197838,0.673469387755102
elasticnet,PFE,26,0.38087809264941375,0.5311308004941969,-0.05602847184730009,0.6538461538461539
elasticnet,PG,49,0.0338668381116554,0.044690828921362336,0.37425879448485755,0.7551020408163265
elasticnet,PLD,33,0.16118674714913753,0.21653382264491922,0.025434642381837125,0.8787878787878788
elasticnet,PSA,49,0.024449280198097317,0.03372425545293656,0.7319383754301867,0.9795918367346939
elasticnet,RTX,49,0.09549177902881584,0.1391441726406745,0.24779884830565202,0.7551020408163265
elasticnet,SBUX,43,0.06084064059628093,0.1150232238151962,0.3569671089012162,0.8837209302325582
elasticnet,SCCO,39,0.1151958653732843,0.14600502427987624,0.3727804375150896,0.6666666666666666
elasticnet,SHW,49,0.04607921704226874,0.0725813468952343,0.5073100831830496,0.8367346938775511
elasticnet,SLB,49,0.07436190027900832,0.101176825734415,0.679900403237927,0.7959183673469388
elasticnet,SPG,49,0.04892939492066566,0.0631924487469271,0.5267092244599633,0.9183673469387755
elasticnet,T,49,0.10046395457019967,0.180631360011527,-0.01623944542574085,0.6326530612244898
elasticnet,TMO,42,0.07927390322332546,0.10899287697593084,0.36563236548155176,0.8571428571428571
elasticnet,TMUS,49,0.09269515723902964,0.1483088067915052,0.41011307318745593,0.8367346938775511
elasticnet,TSLA,49,0.2663603211498958,0.36310430883121003,0.21615844452035282,0.8571428571428571
elasticnet,TTWO,49,0.2548302588676522,0.4003832090880946,0.14077145412584902,0.7959183673469388
elasticnet,UNH,49,0.05395001636410384,0.06881786991626519,-0.4198467544249096,0.9591836734693877
elasticnet,UNP,49,0.04553435364972127,0.06548767033365767,0.6081870598631207,0.8571428571428571
elasticnet,UPS,49,0.03554235659067095,0.05061667010483761,0.5309682558953717,0.8367346938775511
elasticnet,USB,49,0.04175312137753841,0.05698137564888324,0.019272499150418954,0.7959183673469388
elasticnet,V,49,0.04232568361362192,0.05937531920922087,0.5757095178356554,0.9795918367346939
elasticnet,VLO,33,0.17872664782530973,0.3222266187278371,0.5426112608793268,0.8181818181818182
elasticnet,VZ,49,0.02885816575388114,0.0390147792931824,-0.09981444649568738,0.8163265306122449
elasticnet,WBD,49,0.21597608771273377,0.4693168089268579,0.4414649400639602,0.7959183673469388
elasticnet,WFC,49,0.05174046354544937,0.07520063319186611,-0.11920399986771568,0.6326530612244898
elasticnet,WMB,49,0.12461271219413804,0.16439393948883352,0.6737063757307016,0.7346938775510204
elasticnet,WMT,49,0.02943179767343364,0.03777874468227363,-1.072895610933339,0.6938775510204082
elasticnet,XOM,33,0.1323478551467502,0.20655809736500574,0.616762937684027,0.8181818181818182
ensemble,AAPL,45,0.09242994193781229,0.11392501525625497,0.2941907985409383,0.8444444444444444
ensemble,ABBV,49,0.050787431479098435,0.07678743908918133,0.682310267170447,0.8979591836734694
ensemble,ABT,49,0.057773373234539786,0.08628071032757384,0.528272318498769,0.8571428571428571
ensemble,ADBE,49,0.027903967343685564,0.04146936591278918,0.6742131186677619,1.0
ensemble,AMGN,49,0.04249685597647303,0.054524015681029825,0.2759235199829665,0.8163265306122449
ensemble,AMT,48,0.2323444117621595,0.3393349737951817,0.14006721148040802,0.7708333333333334
ensemble,AMZN,49,0.047591050930525,0.06374186871273946,0.6225652582141175,1.0
ensemble,APD,49,0.046919514408227975,0.061620871665558526,0.7420323276919654,0.8163265306122449
ensemble,AVB,44,0.21523862615072067,0.39463641660041043,-0.08068066718987543,0.7954545454545454
ensemble,BA,49,0.0984272311079917,0.14144125625956466,0.4543790437929983,0.7346938775510204
ensemble,BAC,49,0.03699568245778053,0.04679113299738106,0.372104197521124,0.7755102040816326
ensemble,BKNG,49,0.175449584437219,0.3744998355693105,0.42319303168350153,0.9387755102040817
ensemble,BKR,37,0.10751174017093183,0.186929900623788,0.4207614385548877,0.8108108108108109
ensemble,BMY,49,0.07047440892112336,0.12704513746759222,0.5230431433946428,0.8775510204081632
ensemble,BRK.B,49,0.09319045946644,0.13069519706874627,-0.1017388365133507,0.7346938775510204
ensemble,C,48,0.044161343833643917,0.05891326455768504,0.09233272264987658,0.75
ensemble,CAT,49,0.05715067736293816,0.0728582939910293,0.8041756223443376,0.9183673469387755
ensemble,CCI,48,0.21639259045008452,0.32456711296723234,0.2610021115277703,0.8541666666666666
ensemble,CHTR,46,0.062084178869874426,0.22586419335914534,0.09171333442947138,0.8913043478260869
ensemble,CL,49,0.02665441367894121,0.03231991117224876,0.559674713148073,0.8571428571428571
ensemble,CMCSA,49,0.04685743595956219,0.06477830389292752,0.3105557327678401,0.7551020408163265
ensemble,COP,47,0.233433615147197,0.38614876636971684,0.310909106135004,0.7446808510638298
ensemble,COST,49,0.02554017071058408,0.03448011040995566,0.5042142392355715,1.0
ensemble,CRM,49,0.03692526496835448,0.046720804531703276,0.6817678955350305,1.0
ensemble,CSCO,47,0.03224025717754905,0.04344897130565445,0.5646162291717418,0.8085106382978723
ensemble,CVX,49,0.1310667345605478,0.20206450817034696,0.6702559760557483,0.8775510204081632
ensemble,DD,35,0.18616554179719655,0.25696642914819984,0.12218775520595704,0.6571428571428571
ensemble,DE,45,0.09107226875632202,0.11864527407095012,0.5549053941998413,0.7555555555555555
ensemble,DIS,25,0.09448191680311163,0.14886093018350458,0.36524835798565414,0.8
ensemble,DLR,49,0.04568335230481259,0.0669346660670706,0.5322013244310488,0.9387755102040817
ensemble,DOW,29,0.08091028047549241,0.10716587591735466,0.769506467732776,0.8620689655172413
ensemble,EA,49,0.1293191541434159,0.1655852567944469,-0.11157167854157812,0.7346938775510204
ensemble,ECL,49,0.03802105341047326,0.05558283421371685,0.5373326778046676,0.8775510204081632
ensemble,EOG,49,0.26754773049903874,0.43845598270284797,0.3933715742144668,0.8367346938775511
ensemble,EQIX,49,0.046358961031694144,0.06605966390346218,0.3968153147460942,0.9591836734693877
ensemble,EQR,25,0.03300883818789244,0.05220608154200161,0.5343264184035097,0.96
ensemble,ETN,46,0.049056129871010115,0.07673449055544677,0.40000061245291085,0.9130434782608695
ensemble,F,49,0.08249630498317474,0.13372142393902514,-0.027938889484753426,0.6530612244897959
ensemble,FCX,49,0.1576680386024175,0.18621074641012964,0.541816306849051,0.7346938775510204
ensemble,GE,45,0.2509060875182344,0.3836330123747799,0.08519743471050212,0.6666666666666666
ensemble,GIS,31,0.04084089665560502,0.06016083321337113,0.19009110254828288,0.7741935483870968
ensemble,GM,49,0.11228248123249052,0.20048850434741136,0.320625134356448,0.673469387755102
ensemble,GOOGL,42,0.05072765085163482,0.07380111959046874,0.5133655582765726,0.9523809523809523
ensemble,GS,49,0.13892292954204358,0.19289709022406135,0.18217836062908155,0.673469387755102
ensemble,HAL,49,0.06894560141128324,0.0998762450322042,0.8399369803194481,0.8775510204081632
ensemble,HD,49,0.03772770511844609,0.058376226174562014,0.36446885023148967,0.8775510204081632
ensemble,HON,49,0.0596570839582986,0.10638817823654526,0.2662622222352843,0.8775510204081632
ensemble,INTC,43,0.07498388575119957,0.09870588939946784,0.2513057393273719,0.7209302325581395
ensemble,JNJ,32,0.0883181445312154,0.1546591224204913,0.5016365578103976,0.875
ensemble,JPM,49,0.05760202436723205,0.07660779993304562,0.22759120554329382,0.673469387755102
ensemble,KMB,49,0.08518229582814217,0.18144354564656923,0.41264958519990613,0.7142857142857143
ensemble,KO,26,0.06575787442776602,0.09226564270122826,0.1448814735310423,0.7307692307692307
ensemble,LIN,33,0.15452086002093168,0.30574291870623643,0.4233539654730556,0.7575757575757576
ensemble,LLY,49,0.08485232139812177,0.11582725827681964,0.5995999246044179,0.8163265306122449
ensemble,LMT,49,0.06149926810512879,0.08224901823105367,-0.03392139463499855,0.8163265306122449
ensemble,LOW,49,0.04143466998497856,0.06242024975606574,0.5297715087516467,0.8775510204081632
ensemble,MA,47,0.10442183681629123,0.17794862519281301,0.31324372559118097,0.9148936170212766
ensemble,MCD,49,0.06282574565497666,0.10084779764503411,0.22559999510982098,0.7551020408163265
ensemble,MDLZ,49,0.035083345111464964,0.044093184213502355,0.7306451287754575,0.7755102040816326
ensemble,META,49,0.06694392695090862,0.08899363113939404,0.756008233863529,0.9591836734693877
ensemble,MO,49,0.03873724299310062,0.04979435962568206,-0.5718584303263299,0.5714285714285714
ensemble,MRK,31,0.1327993928346119,0.24840690676403177,0.2041546307281037,0.7419354838709677
ensemble,MS,49,0.11703045845678546,0.16339076428619856,0.19685587389988013,0.7755102040816326
ensemble,MSFT,49,0.04249359313525198,0.05703361861792208,0.5389077900919454,0.9387755102040817
ensemble,NEM,33,0.14036999618752524,0.17895438960976215,0.4705143219266741,0.7575757575757576
ensemble,NFLX,49,0.04481314396407183,0.05071374620765689,0.7097913969559729,0.9795918367346939
ensemble,NKE,49,0.06354344654995274,0.12518069024796,0.35928837102391065,0.8979591836734694
ensemble,NUE,37,0.13421516567539538,0.2025349519235181,0.528645579941402,0.8378378378378378
ensemble,NVDA,49,0.22335177973640746,0.42348514778845686,0.5198780963957002,0.9591836734693877
ensemble,O,33,0.08112613443043101,0.13927947695690224,0.5335905972957705,1.0
ensemble,ORCL,47,0.15062021984634041,0.41924612255685384,-0.16443959526251795,0.8085106382978723
ensemble,OXY,49,0.24056836109218513,0.37268110465279025,0.24564471472397087,0.7755102040816326
ensemble,PEP,49,0.029698583423009486,0.04173677960074477,0.38777065489402374,0.7755102040816326
ensemble,PFE,26,0.3164407488525748,0.4774001374502395,0.14682576294465166,0.6538461538461539
ensemble,PG,49,0.022469730458133774,0.0312765786481782,0.6935240405015696,0.7959183673469388
ensemble,PLD,33,0.16676608650076996,0.2213543159854309,-0.018440056857624842,0.8484848484848485
ensemble,PSA,49,0.03549462883380855,0.045135576261551666,0.5198378885007073,1.0
ensemble,RTX,49,0.07269125149288462,0.11485052926736629,0.4875282259974223,0.8367346938775511
ensemble,SBUX,43,0.06240639080365353,0.10852716562046842,0.4275480515003044,0.9069767441860465
ensemble,SCCO,39,0.11934039949790634,0.15270865996449645,0.3138622313238776,0.6666666666666666
ensemble,SHW,49,0.03837045201242768,0.058725231384901065,0.6774677834447709,0.8979591836734694
ensemble,SLB,49,0.056261438889579934,0.07787596315199517,0.8103600251647336,0.8775510204081632
ensemble,SPG,49,0.03768813913173266,0.053158819111776445,0.6650744185477553,0.9387755102040817
ensemble,T,49,0.07637754915432138,0.13998345978934917,0.3896721457472052,0.7551020408163265
ensemble,TMO,42,0.07356164909128496,0.10574828935142191,0.4028389324160607,0.9047619047619048
ensemble,TMUS,49,0.06950685298983937,0.12953490192100908,0.5500041683069867,0.8775510204081632
ensemble,TSLA,49,0.25666379316577825,0.35095089214698677,0.26775202330177394,0.8367346938775511
ensemble,TTWO,49,0.2921812047000231,0.43632879488722365,-0.020433561510535325,0.7551020408163265
ensemble,UNH,49,0.03529725798494349,0.04903065537715661,0.2792669828572978,1.0
ensemble,UNP,49,0.046983657902051494,0.06939012724591098,0.5600988870915664,0.8367346938775511
ensemble,UPS,49,0.03216079221186325,0.04064125119797988,0.6976226654499625,0.8367346938775511
ensemble,USB,49,0.03187419730223078,0.0471286164607322,0.3291091402734242,0.6938775510204082
ensemble,V,49,0.03778955535212452,0.060648314360407116,0.5573210775191766,0.9795918367346939
ensemble,VLO,33,0.16544694179113084,0.2833377132304106,0.646351835068649,0.8787878787878788
ensemble,VZ,49,0.02434481163669201,0.0315333314716475,0.28154292939564396,0.8571428571428571
ensemble,WBD,49,0.20706056327526917,0.4904515986522551,0.3900271143078179,0.7346938775510204
ensemble,WFC,49,0.04578854483364061,0.06516159149256424,0.15967047146181956,0.6530612244897959
ensemble,WMB,49,0.12750325821613795,0.18571327787184227,0.5835883292999499,0.7959183673469388
ensemble,WMT,49,0.01881783949316142,0.024510091384650778,0.1274863159425622,0.9387755102040817
ensemble,XOM,33,0.12922065839025176,0.19033519421568523,0.6745972248527,0.8181818181818182
extra_trees,AAPL,45,0.09193163000379392,0.116864336504449,0.25730051897176753,0.8222222222222222
extra_trees,ABBV,49,0.06952213594049353,0.1105407227651159,0.3416339742382237,0.8775510204081632
extra_trees,ABT,49,0.06475438924230528,0.09627371064464074,0.4126738197221608,0.8367346938775511
extra_trees,ADBE,49,0.04295960367021061,0.05696728840220751,0.3852056064857555,0.9795918367346939
extra_trees,AMGN,49,0.04952817082510589,0.06042254737852261,0.11078488881989323,0.7959183673469388
extra_trees,AMT,48,0.20956877798825713,0.3430747380575856,0.1210083616124965,0.7083333333333334
extra_trees,AMZN,49,0.0719310062879326,0.09455423524918001,0.16947202965343267,1.0
extra_trees,APD,49,0.059451613931018346,0.07407441497785858,0.6272256079442733,0.7346938775510204
extra_trees,AVB,44,0.19354680460072507,0.3657574749268213,0.07169757429026369,0.75
extra_trees,BA,49,0.11911486333596438,0.164007207711238,0.2663909140120708,0.7142857142857143
extra_trees,BAC,49,0.04352743953852656,0.052711242429986475,0.20316763979778563,0.6938775510204082
extra_trees,BKNG,49,0.19398597791757047,0.4461680443097909,0.18130118976077236,0.9591836734693877
extra_trees,BKR,37,0.14006028431904474,0.2136552143809442,0.24329446775936991,0.8108108108108109
extra_trees,BMY,49,0.08445961388267335,0.15163224162226158,0.32056782066469713,0.7959183673469388
extra_trees,BRK.B,49,0.0844525154782717,0.12053063739697537,0.06296824428322478,0.6938775510204082
extra_trees,C,48,0.056402453453803736,0.06714411231683723,-0.1790069742166016,0.625
extra_trees,CAT,49,0.08090688447999814,0.09993723215267054,0.6315628675136613,0.7959183673469388
extra_trees,CCI,48,0.23910756993548574,0.36833672146291574,0.048247099815530325,0.7708333333333334
extra_trees,CHTR,46,0.08227588228903851,0.23476616760810562,0.018705904900601533,0.9347826086956522
extra_trees,CL,49,0.030208815503981124,0.03799100554552436,0.3915920407164083,0.7551020408163265
extra_trees,CMCSA,49,0.05435892016820518,0.0689454183242132,0.21900034572180782,0.8163265306122449
extra_trees,COP,47,0.24459066112337333,0.3746848046510354,0.35121713879051897,0.723404255319149
extra_trees,COST,49,0.0289632617290594,0.03910615488580228,0.3622551123723815,0.9591836734693877
extra_trees,CRM,49,0.04994014781383542,0.06547876561249404,0.37493622195657494,1.0
extra_trees,CSCO,47,0.05533646804391414,0.06743075160169779,-0.04864681036460672,0.5957446808510638
extra_trees,CVX,49,0.1670449616728586,0.2565537316573603,0.4684384866356889,0.6938775510204082
extra_trees,DD,35,0.2287389867986583,0.31563371333307416,-0.3243891829170251,0.5428571428571428
extra_trees,DE,45,0.09857758756165447,0.12127092667205998,0.5349872770267381,0.7555555555555555
extra_trees,DIS,25,0.10896975166644016,0.16959647011188217,0.17609717144811377,0.8
extra_trees,DLR,49,0.06518912035011053,0.08588247749487989,0.22986667886780487,0.9591836734693877
extra_trees,DOW,29,0.13774381644797426,0.1698053458152077,0.42130673945501895,0.5172413793103449
extra_trees,EA,49,0.11344719385952842,0.15022700273686326,0.08506520089332958,0.7346938775510204
extra_trees,ECL,49,0.04491268223004716,0.06400746994200725,0.38645167820373216,0.8367346938775511
extra_trees,EOG,49,0.292839900588693,0.5046896317515414,0.1962527098928043,0.7755102040816326
extra_trees,EQIX,49,0.050167995889265106,0.07314682085637976,0.2604483718764641,0.9795918367346939
extra_trees,EQR,25,0.05122263306554704,0.07106340792537832,0.13715762189787495,0.8
extra_trees,ETN,46,0.05887574297206694,0.08414327342895854,0.27854643210007457,0.8478260869565217
extra_trees,F,49,0.08936966743603983,0.13202456940891338,-0.0020164034420444565,0.6122448979591837
extra_trees,FCX,49,0.18009340287132683,0.22513998765565885,0.33021499179695324,0.6530612244897959
extra_trees,GE,45,0.2849771872837869,0.4196023030606904,-0.09438758142536252,0.5555555555555556
extra_trees,GIS,31,0.05165821401150533,0.06784886328041825,-0.030133799789461957,0.6451612903225806
extra_trees,GM,49,0.13450315614893993,0.2410696823842932,0.017764299725239296,0.5510204081632653
extra_trees,GOOGL,42,0.05929023095774253,0.08608121519835639,0.33794553179507103,0.9761904761904762
extra_trees,GS,49,0.1433586142902859,0.20079794998364697,0.11381214486342894,0.6122448979591837
extra_trees,HAL,49,0.10580182950058621,0.14151254647711342,0.6786661439881541,0.7551020408163265
extra_trees,HD,49,0.046543237939029314,0.06847284032573002,0.1256174204778603,0.8163265306122449
extra_trees,HON,49,0.07070704349010537,0.12489392096414494,-0.011199243588920771,0.7142857142857143
extra_trees,INTC,43,0.08834439954424757,0.12078733202090011,-0.12114335921729902,0.6046511627906976
extra_trees,JNJ,32,0.10887009782344582,0.22968370737194044,-0.09914622563832598,0.84375
extra_trees,JPM,49,0.05803393775450389,0.07858940180714087,0.18711483897966208,0.7755102040816326
extra_trees,KMB,49,0.10622433730977128,0.24918652455808118,-0.10780504280493841,0.5918367346938775
extra_trees,KO,26,0.052353719427800774,0.08536428263346536,0.26802089617438996,0.8076923076923077
extra_trees,LIN,33,0.17116188988549208,0.3506940738421151,0.2413292339581916,0.7272727272727273
extra_trees,LLY,49,0.10159377752067097,0.13899406093246663,0.4234126828098238,0.7959183673469388
extra_trees,LMT,49,0.06692645922417675,0.08839476290451533,-0.19420572084080812,0.7959183673469388
extra_trees,LOW,49,0.06057274363636237,0.08341553354110692,0.1602465447672905,0.7755102040816326
extra_trees,MA,47,0.11920594795143308,0.19048147760339854,0.2131012335794189,0.9361702127659575
extra_trees,MCD,49,0.0807053860946755,0.11389528413264578,0.012256921578748692,0.46938775510204084
extra_trees,MDLZ,49,0.045386136781050614,0.05766532560001409,0.539307220395382,0.7346938775510204
extra_trees,META,49,0.1281339359460349,0.1594264864329511,0.21697024445401425,0.9387755102040817
extra_trees,MO,49,0.04989702228864848,0.06230631798210791,-1.461032222310005,0.32653061224489793
extra_trees,MRK,31,0.1443447287495743,0.2842947838605656,-0.04241137729019928,0.7741935483870968
extra_trees,MS,49,0.1268569297132867,0.18226901428681264,0.0005428741205405485,0.7346938775510204
extra_trees,MSFT,49,0.04922894942261058,0.06247055254187978,0.4468070649325607,0.8979591836734694
extra_trees,NEM,33,0.16380407041761932,0.20971350776173336,0.2728528354104752,0.7272727272727273
extra_trees,NFLX,49,0.06739614121816277,0.07768878871674827,0.31895533182530245,1.0
extra_trees,NKE,49,0.0739694325624307,0.15512295453064562,0.0161246985588559,0.8775510204081632
extra_trees,NUE,37,0.1582062378762799,0.21852557214524757,0.45127827706125323,0.7027027027027027
extra_trees,NVDA,49,0.3369335589460901,0.5557857678264541,0.17302954280116345,0.8571428571428571
extra_trees,O,33,0.10199809976873912,0.16927117736009606,0.31109541910618144,1.0
extra_trees,ORCL,47,0.14513057394856713,0.3993230030449616,-0.05639785881854409,0.8085106382978723
extra_trees,OXY,49,0.26670486925933445,0.38633054876452205,0.1893763106191827,0.6326530612244898
extra_trees,PEP,49,0.029041732504564072,0.03890533247964812,0.46802094652861637,0.8163265306122449
extra_trees,PFE,26,0.33429676960293875,0.4916894019130495,0.09498797829259575,0.5769230769230769
extra_trees,PG,49,0.032575338295924974,0.04706681738727837,0.30595504769487814,0.7755102040816326
extra_trees,PLD,33,0.15102571438790263,0.21765777044566934,0.015291161009037935,0.8787878787878788
extra_trees,PSA,49,0.02291691190580885,0.03089651294035814,0.7750070873815171,1.0
extra_trees,RTX,49,0.09708299258474605,0.14902973494705443,0.13712118495240222,0.7346938775510204
extra_trees,SBUX,43,0.06426125498589991,0.13087569895114187,0.16750785476217034,0.8837209302325582
extra_trees,SCCO,39,0.12347726287343355,0.15853227442110074,0.26053201818193017,0.6153846153846154
extra_trees,SHW,49,0.05206826311082846,0.0790792047625113,0.4151449899426508,0.8775510204081632
extra_trees,SLB,49,0.08040070602715504,0.10986012998321014,0.6225988282978501,0.7959183673469388
extra_trees,SPG,49,0.04825489449200451,0.07050686232953118,0.41080310842286905,0.9387755102040817
extra_trees,T,49,0.11532987070761345,0.18664221511467063,-0.08499941660646981,0.5918367346938775
extra_trees,TMO,42,0.08802209170011023,0.12596988413236143,0.1526199323241374,0.8571428571428571
extra_trees,TMUS,49,0.10082239373080035,0.1652033374183416,0.2680649864616752,0.8571428571428571
extra_trees,TSLA,49,0.2899185627223503,0.40669756650121114,0.01664885821693396,0.8775510204081632
extra_trees,TTWO,49,0.2689715309395566,0.4221455580560072,0.04482833115024387,0.6938775510204082
extra_trees,UNH,49,0.040827646576454095,0.06290641693620175,-0.18639393860880937,1.0
extra_trees,UNP,49,0.050027663033748365,0.07721224981157979,0.4553316908055366,0.7755102040816326
extra_trees,UPS,49,0.0452347969929792,0.0588260463773765,0.366488625781782,0.7346938775510204
extra_trees,USB,49,0.03736302218508274,0.055144534369775025,0.08148248542601855,0.7142857142857143
extra_trees,V,49,0.05170317287732621,0.07254514534282304,0.36661454655549763,0.9591836734693877
extra_trees,VLO,33,0.23385619361056756,0.3813959427031529,0.35921139917289013,0.6666666666666666
extra_trees,VZ,49,0.04598658285349152,0.05574682216430299,-1.2454394177303132,0.7142857142857143
extra_trees,WBD,49,0.24509090708013964,0.5587174062791842,0.20840576162204882,0.7142857142857143
extra_trees,WFC,49,0.05490269046482355,0.07694621329972708,-0.17176565086848217,0.6326530612244898
extra_trees,WMB,49,0.15701167984696526,0.22028698950122697,0.41411189934508574,0.673469387755102
extra_trees,WMT,49,0.019404867896190142,0.026853977231835267,-0.04736876641945731,0.9387755102040817
extra_trees,XOM,33,0.1570394908461676,0.2385894084225916,0.4886887197830012,0.6666666666666666
hist_gbm,AAPL,45,0.09624246229960193,0.12374692535073163,0.16724363788809993,0.8222222222222222
hist_gbm,ABBV,49,0.05406105688669482,0.08791227967373896,0.5835892853962785,0.9183673469387755
hist_gbm,ABT,49,0.0589854979255217,0.08861681858556739,0.5023818102392148,0.8367346938775511
hist_gbm,ADBE,49,0.04027211796349098,0.05234327777581902,0.48096023370116114,0.9795918367346939
hist_gbm,AMGN,49,0.04430574590377189,0.05562461565623308,0.24639665239882402,0.7959183673469388
hist_gbm,AMT,48,0.2406595401625503,0.3448923867878926,0.11166969426028839,0.7708333333333334
hist_gbm,AMZN,49,0.052723202927631524,0.0709124085607475,0.5328710713353302,1.0
hist_gbm,APD,49,0.054738340689271706,0.07544281938550032,0.6133255909950904,0.7755102040816326
hist_gbm,AVB,44,0.1996241599577994,0.3693921264068653,0.053156215247117555,0.7954545454545454
hist_gbm,BA,49,0.10543232865437836,0.14856697825267712,0.39801812863921415,0.7142857142857143
hist_gbm,BAC,49,0.03787156856020177,0.0509207475790372,0.2563818194471539,0.7346938775510204
hist_gbm,BKNG,49,0.15880447703940137,0.3297843995681898,0.5527117901014715,0.9591836734693877
hist_gbm,BKR,37,0.11096471094839717,0.19587554520472208,0.36399525949191724,0.7567567567567568
hist_gbm,BMY,49,0.07144608286510076,0.13233245885364847,0.482517383010739,0.8367346938775511
hist_gbm,BRK.B,49,0.09021718761804529,0.12599173383027396,-0.02386691088838533,0.7551020408163265
hist_gbm,C,48,0.047625520831517776,0.06066522183086189,0.037545780305206944,0.7083333333333334
hist_gbm,CAT,49,0.07283659501992468,0.08625841721314009,0.7255193528144797,0.8571428571428571
hist_gbm,CCI,48,0.23375099468379137,0.3330227946954888,0.2219955256478071,0.8333333333333334
hist_gbm,CHTR,46,0.05475128816532246,0.22293925352835553,0.1150856254279603,0.9130434782608695
hist_gbm,CL,49,0.032098433667113346,0.03868820606082352,0.36905646548791704,0.7142857142857143
hist_gbm,CMCSA,49,0.04896486520890532,0.06611602462272274,0.2817866307526512,0.7755102040816326
hist_gbm,COP,47,0.23184799338986764,0.36994024933278336,0.3675439122422407,0.7659574468085106
hist_gbm,COST,49,0.02566630173712358,0.03464096116909333,0.49957773852100495,1.0
hist_gbm,CRM,49,0.050919694543275454,0.060645223601088386,0.4638126438290723,1.0
hist_gbm,CSCO,47,0.037710681567654114,0.05008547735542828,0.421455360633189,0.7872340425531915
hist_gbm,CVX,49,0.13346690631238498,0.19218755305148225,0.7017040397278687,0.8163265306122449
hist_gbm,DD,35,0.1960085878781151,0.26131065706822476,0.09225660085856724,0.6857142857142857
hist_gbm,DE,45,0.0989557343268068,0.13549768077915958,0.41948269994704135,0.7555555555555555
hist_gbm,DIS,25,0.09686233865624531,0.15853462689098197,0.28006937911152885,0.8
hist_gbm,DLR,49,0.05339441016764566,0.07553470606281533,0.4042694488221563,0.9387755102040817
hist_gbm,DOW,29,0.08939892452689675,0.11087963235114269,0.7532544881047405,0.7931034482758621
hist_gbm,EA,49,0.1262170467720159,0.1671319688362907,-0.1324347811428157,0.7346938775510204
hist_gbm,ECL,49,0.04139142328038525,0.06019964530695746,0.4572806382342218,0.8367346938775511
hist_gbm,EOG,49,0.27642269836059347,0.4490732071143577,0.36363681688428073,0.8367346938775511
hist_gbm,EQIX,49,0.04549042521723736,0.06760372897470036,0.3682883433579235,0.9591836734693877
hist_gbm,EQR,25,0.031045088659573387,0.05014829919977097,0.5703133880016333,0.96
hist_gbm,ETN,46,0.051002460359319615,0.07525754735796134,0.42287524938870547,0.8695652173913043
hist_gbm,F,49,0.08602878159804134,0.1389049406170502,-0.10917659791964374,0.6326530612244898
hist_gbm,FCX,49,0.1610529268847416,0.19336370317637983,0.505939587965139,0.7142857142857143
hist_gbm,GE,45,0.24601094457130654,0.380839486598356,0.09847168431170827,0.6666666666666666
hist_gbm,GIS,31,0.0420629690890853,0.062139770099644144,0.1359323031768408,0.7741935483870968
hist_gbm,GM,49,0.11925114594666139,0.20369473596976956,0.2987221285655227,0.673469387755102
hist_gbm,GOOGL,42,0.05913118381171206,0.0795745425307971,0.43424911290629153,0.9523809523809523
hist_gbm,GS,49,0.1428070403700314,0.1997530252133026,0.12301134489542165,0.673469387755102
hist_gbm,HAL,49,0.08569250517020574,0.12316985460422841,0.7565692421984201,0.8571428571428571
hist_gbm,HD,49,0.039920819437030755,0.06212439503324081,0.2802376005860777,0.8571428571428571
hist_gbm,HON,49,0.06116359397547179,0.10538017380266759,0.28010035952783496,0.8163265306122449
hist_gbm,INTC,43,0.08067156180690396,0.10570413769713931,0.14137733735782754,0.6744186046511628
hist_gbm,JNJ,32,0.07745716211826384,0.1401070968148093,0.5910074832439218,0.90625
hist_gbm,JPM,49,0.06140175640251204,0.08029056562613653,0.15154216525145858,0.6326530612244898
hist_gbm,KMB,49,0.08597644443790647,0.17906389035813738,0.4279549085646872,0.5918367346938775
hist_gbm,KO,26,0.060863282235899346,0.09015089609373214,0.183631217838908,0.8076923076923077
hist_gbm,LIN,33,0.1533076605497786,0.3044811264375566,0.4281037474371334,0.8181818181818182
hist_gbm,LLY,49,0.08780675459768861,0.12202399207555333,0.5556112500091642,0.8163265306122449
hist_gbm,LMT,49,0.0636778968332855,0.0819426982526027,-0.026234469654663473,0.7551020408163265
hist_gbm,LOW,49,0.043757411098137834,0.06462996079827986,0.4958895265054698,0.8571428571428571
hist_gbm,MA,47,0.10718347221801285,0.17983701929921816,0.2985906459690978,0.9361702127659575
hist_gbm,MCD,49,0.06542460918175802,0.09917447429504209,0.2510853530476833,0.6938775510204082
hist_gbm,MDLZ,49,0.043100244354870094,0.053755630564130845,0.5996592211922465,0.7346938775510204
hist_gbm,META,49,0.09011043443177331,0.12902848427595473,0.4871049506090742,0.9591836734693877
hist_gbm,MO,49,0.04073362007816966,0.05088882279268806,-0.641715636118741,0.46938775510204084
hist_gbm,MRK,31,0.13986846203823147,0.24605346508359657,0.2191630962428427,0.7096774193548387
hist_gbm,MS,49,0.12641047373986378,0.17745936788637823,0.052593545081597415,0.7346938775510204
hist_gbm,MSFT,49,0.051554956915545354,0.06529201498114316,0.3957090728739331,0.9183673469387755
hist_gbm,NEM,33,0.14229524643698452,0.185065274409359,0.4337354463969497,0.7272727272727273
hist_gbm,NFLX,49,0.05036414362397524,0.061335577009774725,0.5754940251290022,1.0
hist_gbm,NKE,49,0.06492180964854251,0.12243522175374896,0.3870844115599591,0.8775510204081632
hist_gbm,NUE,37,0.14237339574915503,0.21933764929408964,0.4471924180229486,0.8378378378378378
hist_gbm,NVDA,49,0.2506823469375971,0.47181413874393013,0.40404007835768385,0.9387755102040817
hist_gbm,O,33,0.08467654509759803,0.14771764494498163,0.4753643565942721,1.0
hist_gbm,ORCL,47,0.13918868688540784,0.41295005433733367,-0.12972804608587696,0.8297872340425532
hist_gbm,OXY,49,0.2623359185413103,0.3924757366781902,0.1633827481254807,0.7346938775510204
hist_gbm,PEP,49,0.03282079511864371,0.043797214398098964,0.32583027026579003,0.7551020408163265
hist_gbm,PFE,26,0.31287828290738573,0.4586496303796667,0.2125286737149984,0.5769230769230769
hist_gbm,PG,49,0.027702983318364675,0.041289190139713466,0.465890056031403,0.7755102040816326
hist_gbm,PLD,33,0.1689258920025834,0.22544183676088625,-0.056400290931570396,0.8181818181818182
hist_gbm,PSA,49,0.026677230251959512,0.038446573746912294,0.6516103936013344,1.0
hist_gbm,RTX,49,0.07796475466760339,0.12558770534755204,0.38722900632580615,0.7551020408163265
hist_gbm,SBUX,43,0.061998026656658614,0.10720712817875344,0.44138905420603614,0.8604651162790697
hist_gbm,SCCO,39,0.12046363534455719,0.1585113757891403,0.2607269671365984,0.717948717948718
hist_gbm,SHW,49,0.04204547280929829,0.06302615720322656,0.6284944683712117,0.8979591836734694
hist_gbm,SLB,49,0.06131465188146616,0.08716916658375028,0.7623986988357804,0.8163265306122449
hist_gbm,SPG,49,0.03768724921253294,0.05439041921010774,0.6493753196879293,0.9387755102040817
hist_gbm,T,49,0.07422891725278909,0.13140950051381936,0.4621473985722593,0.7142857142857143
hist_gbm,TMO,42,0.07500004792063397,0.1075304685927555,0.3825413754922067,0.9285714285714286
hist_gbm,TMUS,49,0.07105446991633636,0.13407555126583476,0.517903395943759,0.8979591836734694
hist_gbm,TSLA,49,0.27186394155322874,0.3715284692737608,0.17936568089156157,0.8367346938775511
hist_gbm,TTWO,49,0.2949893569379513,0.437968586943949,-0.028117872644726427,0.6530612244897959
hist_gbm,UNH,49,0.036921078207163116,0.0528375285521821,0.16300278664783063,1.0
hist_gbm,UNP,49,0.050350284959337646,0.07245575182566731,0.5203710075334882,0.7959183673469388
hist_gbm,UPS,49,0.03260537448464587,0.0415408872023604,0.6840876311622897,0.8367346938775511
hist_gbm,USB,49,0.03309657819431626,0.0478618888915826,0.30806999709589633,0.7142857142857143
hist_gbm,V,49,0.03984890166071354,0.06259415273074741,0.5284596025963836,0.9795918367346939
hist_gbm,VLO,33,0.14924021553294442,0.25666435364649187,0.7098024421653553,0.9090909090909091
hist_gbm,VZ,49,0.025377364233500115,0.032729368691155676,0.22600818524727606,0.8367346938775511
hist_gbm,WBD,49,0.20827913384309937,0.4941378212861247,0.38082357339013795,0.7346938775510204
hist_gbm,WFC,49,0.04761669457890132,0.06772547684386306,0.09224133773220466,0.6122448979591837
hist_gbm,WMB,49,0.12608037638638234,0.1865268564445856,0.5799318789527348,0.7959183673469388
hist_gbm,WMT,49,0.01884249761168068,0.025158621066624757,0.0807025535010637,0.9387755102040817
hist_gbm,XOM,33,0.1229841858757,0.17825662570173453,0.7145865627105282,0.8181818181818182
lightgbm,AAPL,45,0.0973847456199035,0.12051291913889631,0.21020143980030603,0.7777777777777778
lightgbm,ABBV,49,0.04769594054735307,0.0724497962673489,0.717188445552233,0.8979591836734694
lightgbm,ABT,49,0.061677034171639535,0.09019887195527304,0.48445550890905076,0.8367346938775511
lightgbm,ADBE,49,0.030624190481161776,0.043344098822948395,0.6440911736822088,1.0
lightgbm,AMGN,49,0.04267967517550849,0.05748779901863622,0.1950662529827667,0.8367346938775511
lightgbm,AMT,48,0.2440895460242639,0.3550293813047635,0.05868310375838559,0.75
lightgbm,AMZN,49,0.04943079496061959,0.06524261927173898,0.6045832460093403,1.0
lightgbm,APD,49,0.04734958449831458,0.061951821753706005,0.7392539286276558,0.7551020408163265
lightgbm,AVB,44,0.24163687156735755,0.4124818661403051,-0.18062720209081462,0.75
lightgbm,BA,49,0.10028923609782846,0.14073457892074384,0.4598175523521092,0.7755102040816326
lightgbm,BAC,49,0.036985194286684855,0.04790663127799534,0.34180932786740736,0.7959183673469388
lightgbm,BKNG,49,0.1789281799144131,0.37220561926189527,0.43023851712870353,0.9591836734693877
lightgbm,BKR,37,0.11502438851739345,0.19607933751153642,0.36267115036113673,0.7297297297297297
lightgbm,BMY,49,0.07675402884873983,0.13171427399510588,0.48734088168119094,0.8571428571428571
lightgbm,BRK.B,49,0.10323708611412943,0.14183763155644136,-0.297604503541685,0.673469387755102
lightgbm,C,48,0.04655744595519227,0.06168438397016498,0.00493611381760628,0.75
lightgbm,CAT,49,0.060802556000100705,0.07852671501523789,0.7725197904833716,0.9183673469387755
lightgbm,CCI,48,0.21640936541989853,0.3256633039157914,0.2560019081909133,0.875
lightgbm,CHTR,46,0.0662407892331803,0.22698942810997108,0.08264078911976747,0.9347826086956522
lightgbm,CL,49,0.026822383276585152,0.032158443278830176,0.564063388286157,0.8367346938775511
lightgbm,CMCSA,49,0.04685214546569334,0.06549885737526447,0.29513253143852825,0.7755102040816326
lightgbm,COP,47,0.23931082452188326,0.4002761561486612,0.25956549585546806,0.723404255319149
lightgbm,COST,49,0.029608249884335407,0.03892750590724498,0.36806863373476895,1.0
lightgbm,CRM,49,0.03859586231229122,0.05184572461127035,0.6081234619242035,1.0
lightgbm,CSCO,47,0.0340498432210774,0.04442242608555397,0.5448885246675206,0.7872340425531915
lightgbm,CVX,49,0.13301949852301548,0.20090114026987851,0.6740419878216894,0.8775510204081632
lightgbm,DD,35,0.19145612166334702,0.26308718769696804,0.07987198748706337,0.5428571428571428
lightgbm,DE,45,0.08866963755476963,0.11973688044564365,0.5466774517185932,0.8222222222222222
lightgbm,DIS,25,0.09926572648597082,0.14584070051642908,0.39074393729059775,0.8
lightgbm,DLR,49,0.049119791253874,0.07239159087269535,0.4528164568030584,0.9387755102040817
lightgbm,DOW,29,0.08035926084139311,0.10923839818187207,0.7605050535323461,0.8275862068965517
lightgbm,EA,49,0.13686096597241323,0.17462390266896538,-0.23623638380061007,0.7346938775510204
lightgbm,ECL,49,0.03605804108737469,0.0553156092526523,0.541770704637565,0.8775510204081632
lightgbm,EOG,49,0.26508231969377205,0.43256244770821106,0.4095700431510132,0.8367346938775511
lightgbm,EQIX,49,0.05287253143503226,0.07423329505627696,0.23831559538480063,0.9795918367346939
lightgbm,EQR,25,0.03437991039226753,0.05272397565959846,0.5250414529229008,0.96
lightgbm,ETN,46,0.04959210358366093,0.07585949859768283,0.41360600468744246,0.9347826086956522
lightgbm,F,49,0.07967934435408881,0.13259106658616016,-0.010633849324872546,0.673469387755102
lightgbm,FCX,49,0.16002540145116553,0.19256835035051756,0.5099956148536781,0.7346938775510204
lightgbm,GE,45,0.261173105619779,0.39127323563648453,0.04839719547151944,0.6666666666666666
lightgbm,GIS,31,0.041517211972054185,0.06093702320220427,0.16905753320197703,0.7741935483870968
lightgbm,GM,49,0.10948336696246634,0.18755039116058145,0.40547999596080186,0.6122448979591837
lightgbm,GOOGL,42,0.05366261180250147,0.0742466772242672,0.5074719294623073,0.9523809523809523
lightgbm,GS,49,0.13912723983656716,0.19002432635720498,0.20635616343626328,0.673469387755102
lightgbm,HAL,49,0.07456726992740141,0.1085361215582851,0.8109767655332156,0.8571428571428571
lightgbm,HD,49,0.03806396227603016,0.06185931741308613,0.2863667824691831,0.8775510204081632
lightgbm,HON,49,0.06023088411133927,0.10662465393729789,0.2629967467824984,0.8163265306122449
lightgbm,INTC,43,0.075750991711599,0.10048360908942712,0.22409451437983807,0.6976744186046512
lightgbm,JNJ,32,0.07633008502930885,0.13762678209294854,0.605360088631161,0.875
lightgbm,JPM,49,0.05842604282184745,0.07717295976605147,0.2161525621795023,0.673469387755102
lightgbm,KMB,49,0.07504495208093735,0.15087581026114952,0.5938808554540356,0.6938775510204082
lightgbm,KO,26,0.06960450314192058,0.09526682070351879,0.08834684978419383,0.7692307692307693
lightgbm,LIN,33,0.16717885174535987,0.3295697431926548,0.32997476046094243,0.8181818181818182
lightgbm,LLY,49,0.08688531935757329,0.11806370559870626,0.5839884216860802,0.7551020408163265
lightgbm,LMT,49,0.06091130282334504,0.07915554423179678,0.04238981781422402,0.7959183673469388
lightgbm,LOW,49,0.04300360910961908,0.06456861447639439,0.4968460688253813,0.8163265306122449
lightgbm,MA,47,0.10382141798169564,0.17792247914719955,0.3134455213816142,0.9361702127659575
lightgbm,MCD,49,0.06223242980421241,0.10168656059355004,0.2126648752833591,0.7551020408163265
lightgbm,MDLZ,49,0.036628843938632284,0.04623837673580487,0.7037986273189973,0.7959183673469388
lightgbm,META,49,0.06709983942834016,0.08874501399580637,0.7573695852995312,0.9795918367346939
lightgbm,MO,49,0.04171998023958686,0.05976163280839502,-1.264112670361051,0.5306122448979592
lightgbm,MRK,31,0.1283376586338273,0.2339641796758657,0.29400747574273023,0.7419354838709677
lightgbm,MS,49,0.11155886552651752,0.15564465517423604,0.2712024530390147,0.7959183673469388
lightgbm,MSFT,49,0.04319681225280722,0.05876208446766952,0.5105364938872947,0.9387755102040817
lightgbm,NEM,33,0.13803796236423346,0.17569493766782832,0.48962663401374207,0.8181818181818182
lightgbm,NFLX,49,0.045473703317938936,0.053507024726921704,0.6769419985984887,0.9795918367346939
lightgbm,NKE,49,0.06334933067381089,0.1209335509252286,0.4020270579378795,0.8979591836734694
lightgbm,NUE,37,0.13626857444082477,0.19895224254089292,0.5451739832127482,0.8648648648648649
lightgbm,NVDA,49,0.2263236663932094,0.42704490751819163,0.5117724901496652,0.9591836734693877
lightgbm,O,33,0.08094235678956699,0.13841358653213884,0.539371837463821,1.0
lightgbm,ORCL,47,0.15036239625000253,0.4148874479000283,-0.14035336084778827,0.7872340425531915
lightgbm,OXY,49,0.25012063643044674,0.38390393695461233,0.19952767590359655,0.7551020408163265
lightgbm,PEP,49,0.030733063440774498,0.043512588128613604,0.33456429176943403,0.7142857142857143
lightgbm,PFE,26,0.31491620249400043,0.4500228060202096,0.24187346086326833,0.6538461538461539
lightgbm,PG,49,0.022420568099371277,0.030808419903947917,0.7026302523458586,0.8775510204081632
lightgbm,PLD,33,0.16121373711898035,0.21394966841744142,0.04855712249151156,0.8787878787878788
lightgbm,PSA,49,0.042155819797115565,0.054397721640138355,0.30255281558744596,1.0
lightgbm,RTX,49,0.07349150687543475,0.11155898612646956,0.5164815329887096,0.8571428571428571
lightgbm,SBUX,43,0.06347325768334955,0.10764943288565765,0.43677022080568184,0.9069767441860465
lightgbm,SCCO,39,0.1376099690119989,0.17135654628682406,0.13605639533045766,0.6410256410256411
lightgbm,SHW,49,0.03916339129330672,0.06133071706530543,0.6482130596810356,0.8367346938775511
lightgbm,SLB,49,0.06472514541776012,0.08689565728365606,0.7638873952429962,0.8367346938775511
lightgbm,SPG,49,0.03760752555844479,0.05221867819535116,0.6768163219878611,0.9387755102040817
lightgbm,T,49,0.07321323123325059,0.1326959847147227,0.4515648170506358,0.7142857142857143
lightgbm,TMO,42,0.07800374333695974,0.11566769630120488,0.2855547445784843,0.9285714285714286
lightgbm,TMUS,49,0.07386500811458784,0.13858054571407227,0.48496182067048876,0.8979591836734694
lightgbm,TSLA,49,0.2679613592226327,0.3606070574992852,0.22690311561390275,0.8367346938775511
lightgbm,TTWO,49,0.3156519440319378,0.45311734106477686,-0.10047036345093785,0.6938775510204082
lightgbm,UNH,49,0.03639562654527346,0.04927101524108069,0.27218325498285123,1.0
lightgbm,UNP,49,0.047746793942109504,0.07133325853217935,0.5351168348083879,0.8775510204081632
lightgbm,UPS,49,0.035097991175910795,0.04392964515056135,0.6467106993027989,0.8163265306122449
lightgbm,USB,49,0.0334545976859955,0.047981836016736154,0.3045975469327459,0.673469387755102
lightgbm,V,49,0.03999616415330202,0.060769746648946514,0.5555466067577706,0.9795918367346939
lightgbm,VLO,33,0.1752601944119029,0.28326610908678135,0.6465305580065681,0.8181818181818182
lightgbm,VZ,49,0.025619735662905034,0.03186835374661648,0.2661955016979721,0.7755102040816326
lightgbm,WBD,49,0.22163222460672158,0.5019215912336716,0.3611631232596707,0.7142857142857143
lightgbm,WFC,49,0.046205464237072336,0.06464403634983747,0.17296633071974254,0.6530612244897959
lightgbm,WMB,49,0.139228470916902,0.19600099836963183,0.5361756452441865,0.7551020408163265
lightgbm,WMT,49,0.020509715651656293,0.027377867003656558,-0.08863327514916364,0.9387755102040817
lightgbm,XOM,33,0.14240635129391419,0.1922125475127362,0.6681464080941448,0.7878787878787878
random_forest,AAPL,45,0.08123783052662072,0.10564440073246689,0.39306512538584315,0.8444444444444444
random_forest,ABBV,49,0.05371925987437657,0.08432827612413822,0.6168496236104404,0.9183673469387755
random_forest,ABT,49,0.060400659416004705,0.09051823007714618,0.48079837251903124,0.8571428571428571
random_forest,ADBE,49,0.029582172708325385,0.04222378604414596,0.6622517191711192,1.0
random_forest,AMGN,49,0.04186222475003615,0.052681451916791126,0.3240349465064932,0.7755102040816326
random_forest,AMT,48,0.19694753421305386,0.33810042137003316,0.14631296273827266,0.75
random_forest,AMZN,49,0.04948631127812347,0.0626873546128719,0.6349501481483553,1.0
random_forest,APD,49,0.04815979295477625,0.06361666408657188,0.7250514750652368,0.7755102040816326
random_forest,AVB,44,0.19021062867440097,0.3603063841335796,0.09916141677668233,0.8409090909090909
random_forest,BA,49,0.1092760372119328,0.1541017690370933,0.3523295528137609,0.7551020408163265
random_forest,BAC,49,0.039300400959152736,0.049075826982688295,0.30929005272352894,0.7755102040816326
random_forest,BKNG,49,0.18070355256404805,0.4223629621260089,0.2663331611962718,0.9591836734693877
random_forest,BKR,37,0.11764573289400762,0.19303469140530388,0.3823098905558334,0.7297297297297297
random_forest,BMY,49,0.06781653108687871,0.12359936893108335,0.548564707849686,0.8775510204081632
random_forest,BRK.B,49,0.08268831837805479,0.11769290404228568,0.10657117334101396,0.7755102040816326
random_forest,C,48,0.04645516053391006,0.058693044570964796,0.0991058283570726,0.6666666666666666
random_forest,CAT,49,0.06416887157779981,0.08025360683484513,0.7624046814268319,0.8163265306122449
random_forest,CCI,48,0.23137127521616327,0.35581658476663475,0.11184953747911919,0.7916666666666666
random_forest,CHTR,46,0.06444119561222876,0.2342905002149842,0.022678340454573398,0.9347826086956522
random_forest,CL,49,0.025259459621839828,0.02955952312028674,0.6316775791336877,0.8571428571428571
random_forest,CMCSA,49,0.04862394496718811,0.06613019683569839,0.28147869439964146,0.7755102040816326
random_forest,COP,47,0.23012019126802205,0.3665022418843065,0.3792446395806264,0.7872340425531915
random_forest,COST,49,0.025490748300668286,0.03461408926576339,0.5003538187722222,1.0
random_forest,CRM,49,0.02791771699244704,0.038194367187844185,0.7873222763666439,1.0
random_forest,CSCO,47,0.03427677895134758,0.045869869624338734,0.5147469757259948,0.8297872340425532
random_forest,CVX,49,0.14159792243856276,0.23487635284475994,0.5544715454207811,0.8367346938775511
random_forest,DD,35,0.20594679393440463,0.29138141912444243,-0.12868450733013082,0.6
random_forest,DE,45,0.0898608251876207,0.10949963290037462,0.6208799354730317,0.8222222222222222
random_forest,DIS,25,0.10269294780265646,0.16802192732022428,0.19132447299843836,0.8
random_forest,DLR,49,0.052350007694586,0.07243232917378686,0.4522004294474383,0.9387755102040817
random_forest,DOW,29,0.10452556912380832,0.13889979161389904,0.6127879216997804,0.8275862068965517
random_forest,EA,49,0.1253889600396954,0.16378575072184162,-0.0875428374150915,0.673469387755102
random_forest,ECL,49,0.040192469758620945,0.060135814222820196,0.4584309439881653,0.8775510204081632
random_forest,EOG,49,0.2858950411932848,0.49839268159741834,0.21618409977319597,0.8367346938775511
random_forest,EQIX,49,0.04245706737191389,0.06145350243251761,0.4779995632884312,0.9591836734693877
random_forest,EQR,25,0.0375751050773464,0.06172553234505013,0.3490178295803925,0.96
random_forest,ETN,46,0.05309538865576785,0.0833871825607433,0.29145378969330804,0.9347826086956522
random_forest,F,49,0.08639864394161842,0.13441706023950514,-0.03866165227017615,0.673469387755102
random_forest,FCX,49,0.1709934222819291,0.20888295237588092,0.42345110904228855,0.7346938775510204
random_forest,GE,45,0.260457437711273,0.4113699381392436,-0.051866278894467044,0.6222222222222222
random_forest,GIS,31,0.045064942424802426,0.06513843769107337,0.050525815419371845,0.8064516129032258
random_forest,GM,49,0.12121463863182591,0.2372542638892677,0.0486100137300729,0.673469387755102
random_forest,GOOGL,42,0.051112644209149564,0.07469983404494132,0.5014413950654562,0.9761904761904762
random_forest,GS,49,0.14081251988134125,0.1978178599633795,0.13992119952566728,0.7142857142857143
random_forest,HAL,49,0.08636058663505726,0.12107198627312057,0.7647910039012882,0.8367346938775511
random_forest,HD,49,0.03999805546643459,0.05922269281230218,0.3459045755685224,0.8775510204081632
random_forest,HON,49,0.06770929754181297,0.11824526806785192,0.0935962867773722,0.8163265306122449
random_forest,INTC,43,0.07261834156225792,0.10351162493753292,0.17662699497509793,0.6976744186046512
random_forest,JNJ,32,0.10172978192140972,0.2053931347711254,0.12104439418959756,0.84375
random_forest,JPM,49,0.05834298739680081,0.07688538749304884,0.22198343372624785,0.6938775510204082
random_forest,KMB,49,0.0962321588889395,0.23210604478455607,0.038858933046392874,0.6122448979591837
random_forest,KO,26,0.05882300918804525,0.08911899641236234,0.20221316109550502,0.8076923076923077
random_forest,LIN,33,0.16070364683427152,0.32940490115432114,0.33064485052133596,0.7878787878787878
random_forest,LLY,49,0.08255057714403423,0.11335407367749473,0.6165163411446904,0.8163265306122449
random_forest,LMT,49,0.05987545660919999,0.0804462400540692,0.010905975874857865,0.8163265306122449
random_forest,LOW,49,0.04317972442794185,0.06660364132573324,0.4646301838260367,0.8367346938775511
random_forest,MA,47,0.10685677295652246,0.18306749754923018,0.27316496713515237,0.9148936170212766
random_forest,MCD,49,0.06345491963704182,0.10267784227548529,0.19723953185773746,0.6530612244897959
random_forest,MDLZ,49,0.03717316438028545,0.0454517063348525,0.7137916548650265,0.8163265306122449
random_forest,META,49,0.08244688266006925,0.1017540213286086,0.6810221846851274,0.9591836734693877
random_forest,MO,49,0.04152930891050752,0.053993723274948016,-0.8481604758870007,0.3877551020408163
random_forest,MRK,31,0.14694118749791624,0.2822314846275217,-0.027335464085792793,0.7096774193548387
random_forest,MS,49,0.13262252994178145,0.18674330817585108,-0.049128234658561976,0.7959183673469388
random_forest,MSFT,49,0.046702117636091486,0.060764165884509926,0.4766153131699128,0.9387755102040817
random_forest,NEM,33,0.1337787644411123,0.17724602490970176,0.48057539991663545,0.7878787878787878
random_forest,NFLX,49,0.033949457100463404,0.04096158396521595,0.8106730749631017,1.0
random_forest,NKE,49,0.071438799502506,0.14974373924028617,0.08317748496748878,0.9183673469387755
random_forest,NUE,37,0.1381463713865805,0.20710837638025462,0.5071180095751509,0.7837837837837838
random_forest,NVDA,49,0.2716391227125867,0.48978298957420013,0.3577818907482192,0.8979591836734694
random_forest,O,33,0.08310443566823525,0.14030173772147994,0.5267189205315059,1.0
random_forest,ORCL,47,0.12648455185628976,0.40324695504802593,-0.07726127593927368,0.8723404255319149
random_forest,OXY,49,0.2659195713101531,0.3890508833892414,0.17792015470813394,0.673469387755102
random_forest,PEP,49,0.030304586514135368,0.04179352678275985,0.3861046946069222,0.7959183673469388
random_forest,PFE,26,0.3114632688632256,0.4636101918377319,0.19540264068836244,0.6153846153846154
random_forest,PG,49,0.02340243962706465,0.03225334680801622,0.674082629813635,0.8571428571428571
random_forest,PLD,33,0.15972222043796894,0.21870134642061284,0.005826008625288259,0.8484848484848485
random_forest,PSA,49,0.021922623322125676,0.02851725683916104,0.8083250322604738,0.9795918367346939
random_forest,RTX,49,0.08526070200026373,0.13230101293476643,0.31996653218333715,0.8367346938775511
random_forest,SBUX,43,0.06564027305361136,0.12676437175425995,0.2189901104500881,0.9069767441860465
random_forest,SCCO,39,0.11845466183888259,0.15258993736227072,0.31492868552546616,0.717948717948718
random_forest,SHW,49,0.04675997657804031,0.07081804784923773,0.5309582194247928,0.8979591836734694
random_forest,SLB,49,0.0666199308492487,0.09415920455437708,0.722764660754774,0.8571428571428571
random_forest,SPG,49,0.0426814791540596,0.061337423677816645,0.5540884397456753,0.9387755102040817
random_forest,T,49,0.09197823875394803,0.16908346540437202,0.10954490163364894,0.6122448979591837
random_forest,TMO,42,0.07925613906877678,0.11163642248433323,0.33448690461821073,0.8571428571428571
random_forest,TMUS,49,0.08165424797515869,0.1456716139226281,0.4309050216260396,0.8775510204081632
random_forest,TSLA,49,0.26281075121850705,0.3576389824946793,0.23957711233968038,0.8571428571428571
random_forest,TTWO,49,0.2625291953085425,0.4112355581658978,0.0935615824014282,0.7755102040816326
random_forest,UNH,49,0.034940222671112284,0.05091226296422489,0.2228876278232923,1.0
random_forest,UNP,49,0.04920828435562718,0.0780764152304726,0.44307152530762506,0.8367346938775511
random_forest,UPS,49,0.037133069644497224,0.04597545565693485,0.6130390157168852,0.7959183673469388
random_forest,USB,49,0.03221492075768202,0.04967816585756973,0.25455844296614083,0.7551020408163265
random_forest,V,49,0.03977752844526022,0.06262022425667875,0.5280667116490485,0.9795918367346939
random_forest,VLO,33,0.20187720387230104,0.35529471050224987,0.44391635297684695,0.8181818181818182
random_forest,VZ,49,0.026705101322213633,0.03433438300386932,0.14823536178495023,0.8367346938775511
random_forest,WBD,49,0.21894090905014996,0.5266585012247478,0.2966420200166944,0.7142857142857143
random_forest,WFC,49,0.046283890835957395,0.067557330836091,0.09674323341527691,0.6326530612244898
random_forest,WMB,49,0.13758543178996788,0.20392194567241928,0.4979292572166235,0.7551020408163265
random_forest,WMT,49,0.015800176563720004,0.02114640046593103,0.35053568896223797,0.9387755102040817
random_forest,XOM,33,0.14265347119108554,0.22616993312411707,0.5405346211168538,0.7878787878787878
ridge,AAPL,45,0.08848938919060988,0.11643368926798513,0.26276415617197957,0.8222222222222222
ridge,ABBV,49,0.10284768761201142,0.29897542297694213,-3.816081079471344,0.8775510204081632
ridge,ABT,49,0.1016326176299025,0.2906219179615742,-4.352056225951541,0.8163265306122449
ridge,ADBE,49,0.08074519687831615,0.2835063347242901,-14.226649021603965,0.9591836734693877
ridge,AMGN,49,0.08441469024091505,0.28694786838882974,-19.054635752419404,0.7755102040816326
ridge,AMT,48,0.2533870211602079,0.41987901051233345,-0.31660528196917714,0.75
ridge,AMZN,49,0.10602193126611421,0.2881330417229203,-6.712202390276353,0.9591836734693877
ridge,APD,49,0.093843169377992,0.28015966002164666,-4.3323765959457425,0.7551020408163265
ridge,AVB,44,0.30899276818771654,0.5697138130241639,-1.2522498304030534,0.7272727272727273
ridge,BA,49,0.1412761919206066,0.2987544413894614,-1.4342634207233012,0.8163265306122449
ridge,BAC,49,0.08317586691167966,0.2771193527450665,-21.023897093011897,0.7959183673469388
ridge,BKNG,49,0.2399047254277201,0.5099262632224035,-0.06940447362281543,0.9183673469387755
ridge,BKR,37,0.19985405612190815,0.38233021960596597,-1.4231325338451435,0.8108108108108109
ridge,BMY,49,0.12449895407201053,0.319808173592801,-2.0223316547637467,0.7959183673469388
ridge,BRK.B,49,0.12244926563360993,0.29422684151977024,-4.5837245010203675,0.6938775510204082
ridge,C,48,0.09842706236017845,0.2932165363336568,-21.484198950570352,0.6458333333333334
ridge,CAT,49,0.1175311045956539,0.30147644879395974,-2.352860937928819,0.8163265306122449
ridge,CCI,48,0.24068822399818293,0.4171221226191164,-0.22056417913384752,0.8333333333333334
ridge,CHTR,46,0.13392564429728576,0.3679225934566652,-1.410133394784134,0.8260869565217391
ridge,CL,49,0.0747067399721688,0.2869562024163326,-33.71079352382967,0.7142857142857143
ridge,CMCSA,49,0.08977421330868338,0.2824344273350523,-12.106154626055256,0.7755102040816326
ridge,COP,47,0.2357018752991728,0.4517511682814672,0.05688255933393327,0.7872340425531915
ridge,COST,49,0.08217530631748146,0.2864375579775065,-33.21501059198372,0.9591836734693877
ridge,CRM,49,0.09037108596643034,0.2841820283588565,-10.773798118055334,0.9795918367346939
ridge,CSCO,47,0.09014405788197533,0.2800218873531393,-17.08411233537683,0.723404255319149
ridge,CVX,49,0.16211145377766584,0.35344779388382613,-0.008898340662513604,0.7959183673469388
ridge,DD,35,0.2080578127207896,0.3576217657421776,-0.7001871986608004,0.7142857142857143
ridge,DE,45,0.12708569518342344,0.31351083207457114,-2.107824918809794,0.7555555555555555
ridge,DIS,25,0.10731923918154856,0.15419671332646015,0.31892865256290015,0.84
ridge,DLR,49,0.1002383218632603,0.27486499397999403,-6.88852218968277,0.9795918367346939
ridge,DOW,29,0.17313127288205174,0.3792377739854221,-1.8864822079393928,0.7241379310344828
ridge,EA,49,0.15816903764262844,0.30104615198574497,-2.6741789260695525,0.7346938775510204
ridge,ECL,49,0.08751994575243653,0.285858697393183,-11.237431432266616,0.7959183673469388
ridge,EOG,49,0.2887835034056757,0.5500315358950549,0.04534613129201659,0.7755102040816326
ridge,EQIX,49,0.08951317021769925,0.28171791532387586,-9.96999725306729,1.0
ridge,EQR,25,0.05871399406247199,0.07243628338091954,0.10349704823470562,0.96
ridge,ETN,46,0.10569362808245235,0.30353211827563126,-8.388125449503079,0.8043478260869565
ridge,F,49,0.1302400740802569,0.3188937938078607,-4.845981628349585,0.5714285714285714
ridge,FCX,49,0.19830932896526446,0.34966470721614396,-0.6155996342598615,0.6938775510204082
ridge,GE,45,0.2966368364569575,0.535110964413368,-0.7798488785901545,0.6888888888888889
ridge,GIS,31,0.12666559197007293,0.3705502634840068,-29.725767352296568,0.7419354838709677
ridge,GM,49,0.17825232220056308,0.382734244483158,-1.4758547753566091,0.6122448979591837
ridge,GOOGL,42,0.09491110847639102,0.3160602414655862,-7.925173711677607,0.9523809523809523
ridge,GS,49,0.17380338995243577,0.347609084387609,-1.6557640033975916,0.7142857142857143
ridge,HAL,49,0.12272993499280328,0.30199843275373023,-0.46344353975647157,0.7959183673469388
ridge,HD,49,0.09687925044665019,0.28618011791137865,-14.273681377469401,0.8163265306122449
ridge,HON,49,0.1156170280582725,0.3207459894263691,-5.6692439740998095,0.7551020408163265
ridge,INTC,43,0.0921139021862491,0.12804004436186395,-0.25982436567007827,0.6976744186046512
ridge,JNJ,32,0.18325925988673716,0.45413267611238084,-3.296952938648973,0.78125
ridge,JPM,49,0.10154360830267396,0.29552532800111647,-10.49451484657008,0.7551020408163265
ridge,KMB,49,0.1643072831644809,0.39343884804293966,-1.7616504731400822,0.6938775510204082
ridge,KO,26,0.13191197719562006,0.3972417269747812,-14.850976265601174,0.7692307692307693
ridge,LIN,33,0.227500095299512,0.4541466074874492,-0.2722974131075915,0.7575757575757576
ridge,LLY,49,0.13267128276746507,0.3094898826305795,-1.8586797840275113,0.7551020408163265
ridge,LMT,49,0.12652213805270612,0.326730982393047,-15.315737668878924,0.673469387755102
ridge,LOW,49,0.10939740924190004,0.2804227830354756,-8.49040018267403,0.7755102040816326
ridge,MA,47,0.15286319590096817,0.3402889173222399,-1.5113599955266976,0.8723404255319149
ridge,MCD,49,0.12044014960581241,0.298407719511644,-5.780357886442678,0.5510204081632653
ridge,MDLZ,49,0.08366390409566393,0.2893111778409271,-10.596110238300485,0.6530612244897959
ridge,META,49,0.15094943362146035,0.31565819555429675,-2.0696683412113925,0.9183673469387755
ridge,MO,49,0.08757803143513374,0.28439991846206025,-50.27575463143797,0.4897959183673469
ridge,MRK,31,0.24258949013037487,0.47312434265003134,-1.8870343204655877,0.6774193548387096
ridge,MS,49,0.1651073235516692,0.33823239756952,-2.441667312997685,0.7346938775510204
ridge,MSFT,49,0.10662615245190413,0.3036265077954105,-12.067884868481396,0.8979591836734694
ridge,NEM,33,0.20906814794524337,0.4317680562964517,-2.0822688915853242,0.696969696969697
ridge,NFLX,49,0.08718144883104628,0.27788835226989383,-7.71363941443092,0.9795918367346939
ridge,NKE,49,0.12378776199291186,0.3155627781294505,-3.0715471113448247,0.9183673469387755
ridge,NUE,37,0.141625107997041,0.19947344136819584,0.5427878297125497,0.8378378378378378
ridge,NVDA,49,0.3016186486343087,0.6210433001706592,-0.03256859959241365,0.8979591836734694
ridge,O,33,0.14825244011058744,0.3969172718167396,-2.787852315359017,0.9696969696969697
ridge,ORCL,47,0.29738844326697506,0.5761897498033428,-1.1994288197656418,0.8085106382978723
ridge,OXY,49,0.29747090773923673,0.49598794803915924,-0.3361137605576676,0.7142857142857143
ridge,PEP,49,0.08168275729293205,0.296935179660415,-29.98843033537239,0.7755102040816326
ridge,PFE,26,0.3751164340079131,0.5144050672361795,0.009434656554390797,0.6538461538461539
ridge,PG,49,0.07464668210192697,0.2860275604912766,-24.631480881562272,0.7551020408163265
ridge,PLD,33,0.2117542068429469,0.40376904384237705,-2.388640699491459,0.8484848484848485
ridge,PSA,49,0.07786040675771938,0.2873871861938478,-18.466357955687943,0.8775510204081632
ridge,RTX,49,0.14240574002658227,0.32605377914889816,-3.130307871811767,0.7346938775510204
ridge,SBUX,43,0.10413250535554318,0.3043982992747722,-3.5034625920440607,0.9302325581395349
ridge,SCCO,39,0.16645343991164538,0.3399389129109258,-2.400053541124823,0.717948717948718
ridge,SHW,49,0.08751370188500573,0.2831908759340748,-6.500360561897952,0.8571428571428571
ridge,SLB,49,0.10918140442931529,0.30720685875189724,-1.95110622571461,0.8367346938775511
ridge,SPG,49,0.08819806282878892,0.275595431526369,-8.002055758133737,0.8571428571428571
ridge,T,49,0.1491804139926678,0.3303683155565051,-2.3994332851772144,0.6122448979591837
ridge,TMO,42,0.08847168500689377,0.11884256259368878,0.2457960542115062,0.8571428571428571
ridge,TMUS,49,0.13942019193373872,0.3057469517474779,-1.5070278672705806,0.8367346938775511
ridge,TSLA,49,0.2843516995442335,0.4281781734149407,-0.08996996086928144,0.8979591836734694
ridge,TTWO,49,0.3054328379888374,0.4804277913026438,-0.23712399060066014,0.7959183673469388
ridge,UNH,49,0.08967740400222848,0.29026553330821564,-24.259803098966746,0.9591836734693877
ridge,UNP,49,0.08800953953667574,0.2903130316130354,-6.7000359853267195,0.7755102040816326
ridge,UPS,49,0.08560404945006765,0.28610152226649177,-13.984954612716663,0.7755102040816326
ridge,USB,49,0.08125480695009892,0.2670455321751539,-20.540368405652753,0.7346938775510204
ridge,V,49,0.08656713270137129,0.29488943097367776,-9.465736342002591,0.9387755102040817
ridge,VLO,33,0.2524034138571884,0.4645580504229219,0.049301911152581646,0.7272727272727273
ridge,VZ,49,0.07875045839509787,0.27544060721912533,-53.81722484493875,0.7346938775510204
ridge,WBD,49,0.25771397355421144,0.5471429583145293,0.2408635407703571,0.7551020408163265
ridge,WFC,49,0.0930026704692155,0.28806464137690857,-15.42276077074877,0.6326530612244898
ridge,WMB,49,0.17540052058927103,0.34816187676623184,-0.46352252672331673,0.7346938775510204
ridge,WMT,49,0.07586611840932493,0.2943711641439126,-124.85570786529058,0.7346938775510204
ridge,XOM,33,0.19129437532102278,0.4092451763285624,-0.5043545074776858,0.7878787878787878
xgboost,AAPL,45,0.08726115401233367,0.11059232883592275,0.334881340383106,0.8444444444444444
xgboost,ABBV,49,0.04990460132740995,0.07218253978804887,0.7192710963429206,0.8979591836734694
xgboost,ABT,49,0.057699811715079326,0.0854439113392338,0.5373781089714025,0.8367346938775511
xgboost,ADBE,49,0.031123499174506738,0.044675339329188726,0.621893170041256,1.0
xgboost,AMGN,49,0.04212223561754666,0.058093145318844255,0.17802510281580963,0.7959183673469388
xgboost,AMT,48,0.24020914470194452,0.3487733087209679,0.09156523543775774,0.7291666666666666
xgboost,AMZN,49,0.046166810717461336,0.0633460517816142,0.6272382060287995,1.0
xgboost,APD,49,0.048368393560653186,0.06270534568614956,0.732872411858088,0.7755102040816326
xgboost,AVB,44,0.2177496482917013,0.3981490847628268,-0.10000461642147052,0.7272727272727273
xgboost,BA,49,0.09864962066778857,0.1419675242316936,0.45031124864530103,0.7346938775510204
xgboost,BAC,49,0.040924596787251015,0.051767222071005044,0.23145344843685356,0.6938775510204082
xgboost,BKNG,49,0.17220703838662568,0.37403242788331725,0.42463194161271023,0.9387755102040817
xgboost,BKR,37,0.11504161810251096,0.19522505670775775,0.3682124966213042,0.8108108108108109
xgboost,BMY,49,0.07218761740583904,0.13190591256118944,0.4858480027905312,0.8571428571428571
xgboost,BRK.B,49,0.09749336576464382,0.13912082484345145,-0.24837105547717742,0.7142857142857143
xgboost,C,48,0.04506251545974449,0.0603392932492166,0.04785971846714965,0.7291666666666666
xgboost,CAT,49,0.05570820405125134,0.07057669033162901,0.8162483124914481,0.9183673469387755
xgboost,CCI,48,0.2081893203414381,0.31904470330326584,0.2859358156612779,0.875
xgboost,CHTR,46,0.0707833973680838,0.23090613972876695,0.05070951848171368,0.9130434782608695
xgboost,CL,49,0.025725832891664052,0.03338650933700742,0.5301325732420905,0.8163265306122449
xgboost,CMCSA,49,0.04814750523006379,0.0661171117488181,0.2817630118215575,0.7959183673469388
xgboost,COP,47,0.24982315713613643,0.3999607147951859,0.26073204863434807,0.6808510638297872
xgboost,COST,49,0.027033899315379195,0.03486813961113866,0.4929925905090774,0.9795918367346939
xgboost,CRM,49,0.031085090060110718,0.041381606456055604,0.7503462707638514,1.0
xgboost,CSCO,47,0.030814789751773444,0.043211020799595254,0.5693719737029639,0.8297872340425532
xgboost,CVX,49,0.12969386348828288,0.20255446938370733,0.6686549263799,0.8367346938775511
xgboost,DD,35,0.19320791093915568,0.26057038722335096,0.0973924284593718,0.6571428571428571
xgboost,DE,45,0.08910451394015764,0.11310039183894753,0.5955361957992682,0.8
xgboost,DIS,25,0.09954215547965585,0.14711680980841402,0.38003528337199477,0.76
xgboost,DLR,49,0.042954701888093146,0.06323068017568585,0.582542283761421,0.9387755102040817
xgboost,DOW,29,0.07189359865642188,0.10516121801558587,0.7780490937360072,0.8620689655172413
xgboost,EA,49,0.1290943712401306,0.16459072576101505,-0.09825922946569188,0.7142857142857143
xgboost,ECL,49,0.04131428584375228,0.059501070587265045,0.4698033119108327,0.8775510204081632
xgboost,EOG,49,0.25796544179815367,0.4137403728366592,0.4598348526673215,0.8163265306122449
xgboost,EQIX,49,0.046454499392121915,0.063290209361864,0.4463304346761562,0.9795918367346939
xgboost,EQR,25,0.03917075263193421,0.061117651848410545,0.3617765958170115,0.96
xgboost,ETN,46,0.05479625208302523,0.08469587192426027,0.2690392366580543,0.9347826086956522
xgboost,F,49,0.08500339164421947,0.13449659648551474,-0.03989119396079177,0.6530612244897959
xgboost,FCX,49,0.1493709191602099,0.1752865824675545,0.5939986346164348,0.7346938775510204
xgboost,GE,45,0.260413388108788,0.4017831862314701,-0.0034112057632029735,0.7555555555555555
xgboost,GIS,31,0.041448175096929635,0.06086195227411083,0.17110361930316864,0.8387096774193549
xgboost,GM,49,0.10629321662821306,0.18214456972193807,0.43925813747109543,0.6530612244897959
xgboost,GOOGL,42,0.05488778212058873,0.07759172652066204,0.4620922844442812,0.9523809523809523
xgboost,GS,49,0.1414014936934556,0.19278584592692471,0.18312136873476437,0.6326530612244898
xgboost,HAL,49,0.06434637470195813,0.09883701361835008,0.8432506232252566,0.8979591836734694
xgboost,HD,49,0.03573068988502935,0.054511505335634945,0.4458323619589757,0.8775510204081632
xgboost,HON,49,0.06166326631405664,0.10695379261690886,0.2584396266058777,0.8775510204081632
xgboost,INTC,43,0.07612523229634738,0.10046908796266339,0.22431875409223123,0.7209302325581395
xgboost,JNJ,32,0.08830087148764304,0.15511950203668415,0.49866514749108026,0.84375
xgboost,JPM,49,0.058534659070941915,0.0771462722290503,0.21669460023332188,0.7346938775510204
xgboost,KMB,49,0.08906936870411136,0.18900697781594727,0.36266186145780066,0.6530612244897959
xgboost,KO,26,0.07156959367252683,0.09945331192686512,0.0064612876215836,0.7307692307692307
xgboost,LIN,33,0.16856123433385806,0.32495789081663407,0.34859562667438815,0.7272727272727273
xgboost,LLY,49,0.08283217549519808,0.11502494466982678,0.6051277049686274,0.8163265306122449
xgboost,LMT,49,0.0644787884379356,0.0887618152243652,-0.2041440032382824,0.7959183673469388
xgboost,LOW,49,0.04286025488944249,0.060616319938475396,0.5565577506831788,0.8979591836734694
xgboost,MA,47,0.10619414783324987,0.1759881419445425,0.3282925362252951,0.9361702127659575
xgboost,MCD,49,0.06373005285135988,0.10370234669037832,0.18113995912790248,0.7346938775510204
xgboost,MDLZ,49,0.03247091462000636,0.04144544735215897,0.7620226786367242,0.8367346938775511
xgboost,META,49,0.06410949131863244,0.08116378024963809,0.7970533678362481,0.9591836734693877
xgboost,MO,49,0.03942422220392102,0.0528428549988615,-0.7702135997897364,0.6326530612244898
xgboost,MRK,31,0.12477696988728641,0.24582503314474694,0.2206122551954227,0.7741935483870968
xgboost,MS,49,0.10901923940911347,0.15200788407084845,0.30486251805390097,0.7346938775510204
xgboost,MSFT,49,0.04175393649901247,0.056002402423117256,0.5554309275931752,0.9387755102040817
xgboost,NEM,33,0.13781995598445954,0.1744522243697499,0.49682097573501505,0.8181818181818182
xgboost,NFLX,49,0.04473550417677466,0.051229503887789546,0.7038585509483182,1.0
xgboost,NKE,49,0.061692814767668185,0.11625269247867535,0.44742152557401427,0.8775510204081632
xgboost,NUE,37,0.1290165897907018,0.18812748733202594,0.5933206398794033,0.8108108108108109
xgboost,NVDA,49,0.22344272858607148,0.4116180444964088,0.5464094873015569,0.9591836734693877
xgboost,O,33,0.08038272347043207,0.1361145643456821,0.5545466414499236,1.0
xgboost,ORCL,47,0.16641288272520732,0.4392565266529245,-0.27824852885374174,0.7872340425531915
xgboost,OXY,49,0.2404499821996161,0.3828024077437676,0.20411464976077665,0.7959183673469388
xgboost,PEP,49,0.028946822207976848,0.0399036606790921,0.4403690204000048,0.7551020408163265
xgboost,PFE,26,0.3236912038120709,0.5026238009420576,0.05428831858533589,0.6923076923076923
xgboost,PG,49,0.022827673997581368,0.030500224295266273,0.7085500395147548,0.8367346938775511
xgboost,PLD,33,0.1705174365600042,0.22578462422680484,-0.05961527612496087,0.8484848484848485
xgboost,PSA,49,0.05309383748921205,0.0785494408978508,-0.454240049771897,0.9795918367346939
xgboost,RTX,49,0.07314147674364187,0.11084981510148098,0.5226093657024353,0.8775510204081632
xgboost,SBUX,43,0.06028351386602999,0.10477272919583513,0.4664702633650539,0.9069767441860465
xgboost,SCCO,39,0.12132086685409998,0.16004068799771412,0.24639319249591307,0.7435897435897436
xgboost,SHW,49,0.0366781613975776,0.05534999735056009,0.7134774307607037,0.8571428571428571
xgboost,SLB,49,0.05761119673348603,0.0838607377258898,0.7800923263453462,0.8775510204081632
xgboost,SPG,49,0.04026129507505805,0.05742659437616977,0.6091376905970944,0.9387755102040817
xgboost,T,49,0.08076869652702355,0.14193287125554846,0.3725549153879648,0.6938775510204082
xgboost,TMO,42,0.06800643933375,0.09567547408880318,0.5111833051440715,0.9047619047619048
xgboost,TMUS,49,0.06915982782128902,0.1262967949474137,0.5722209134477305,0.8979591836734694
xgboost,TSLA,49,0.25750415962988926,0.34704187116391855,0.2839732763938331,0.8367346938775511
xgboost,TTWO,49,0.29266181518307954,0.4443708618200396,-0.05839585960911542,0.7346938775510204
xgboost,UNH,49,0.03347584107311192,0.047884989509003634,0.31255522682415326,1.0
xgboost,UNP,49,0.04958481645967796,0.07213545435655591,0.5246021249801583,0.7959183673469388
xgboost,UPS,49,0.03415426036744323,0.04372590712322838,0.649980088489806,0.8571428571428571
xgboost,USB,49,0.0328117199899871,0.047470264472497005,0.3193469472477921,0.6938775510204082
xgboost,V,49,0.03689920617571222,0.059694755251491614,0.5711319170358418,0.9795918367346939
xgboost,VLO,33,0.17474759419621794,0.28249948714593504,0.6484412048424268,0.8787878787878788
xgboost,VZ,49,0.02459905427181774,0.03133821376303368,0.2904065658028814,0.8367346938775511
xgboost,WBD,49,0.19912550980011473,0.4779158873685421,0.4208098633405658,0.7346938775510204
xgboost,WFC,49,0.04677622541694459,0.06380242416228374,0.19436074573273454,0.5918367346938775
xgboost,WMB,49,0.13459926261081956,0.18438120133713276,0.5895405464482123,0.8163265306122449
xgboost,WMT,49,0.022909949549693383,0.029367961639104177,-0.2526507257666557,0.9183673469387755
xgboost,XOM,33,0.13342710321830697,0.1955756801864413,0.6564319642611947,0.8484848484848485
