model,ticker,n,mae,rmse,r2,dir_acc
baseline:company_hist,AAPL,30,0.19332507596655857,0.22004047202858903,-3.157793760358591,0.8666666666666667
baseline:company_hist,ABBV,46,0.0992926823378183,0.13251684907065722,-0.2532059789574681,0.8913043478260869
baseline:company_hist,ABT,46,0.10347755337460798,0.13813295591526148,-0.740725274892265,0.5217391304347826
baseline:company_hist,ADBE,39,0.06784622934530682,0.08549734918329573,-0.921456131709969,1.0
baseline:company_hist,AMGN,46,0.042329332512467836,0.05521466533112978,-0.1320974620825952,0.9347826086956522
baseline:company_hist,AMT,46,0.5044466545099605,0.8888223651203474,-0.0806305380131449,0.6086956521739131
baseline:company_hist,AMZN,46,0.10452177900499486,0.11888618294836631,-0.6009652324224706,1.0
baseline:company_hist,APD,46,0.09441100429495573,0.1210527262971076,-0.2047159555354623,0.43478260869565216
baseline:company_hist,AVB,42,0.30911700915620893,0.5351220634734818,-0.2077221833049976,0.5238095238095238
baseline:company_hist,BA,46,0.11162032778491696,0.15391507102153956,-0.18885423604493323,0.5652173913043478
baseline:company_hist,BAC,46,0.06060266567968228,0.06744414702063065,-1.2084710788173556,0.30434782608695654
baseline:company_hist,BKNG,46,0.23610495791161593,0.34538573302490816,-0.17173376283283126,0.8913043478260869
baseline:company_hist,BKR,34,0.23270160917957064,0.29002388425160025,-1.3816605026360165,0.7352941176470589
baseline:company_hist,BMY,46,0.12417837075138331,0.18150288499669706,-0.4243274077566437,0.6086956521739131
baseline:company_hist,BRK.B,46,0.07900579334597053,0.10543632548318471,-0.4329206897013349,0.6521739130434783
baseline:company_hist,C,45,0.03821000669401035,0.045633291340933135,-0.12724678670752243,0.3111111111111111
baseline:company_hist,CAT,46,0.1550099662360574,0.17982363892374298,-0.5087646906293259,0.5
baseline:company_hist,CCI,46,0.4855391862187051,0.7278672671464297,-0.09893643908892491,0.4782608695652174
baseline:company_hist,CHTR,46,0.3985400625664561,0.6409957495897579,-0.2517251325683807,0.9565217391304348
baseline:company_hist,CL,46,0.041828448802900875,0.0492801834348494,-0.26875618283819835,0.5434782608695652
baseline:company_hist,CMCSA,46,0.08015442238308117,0.08981596362406005,-1.4090997373988396,0.8478260869565217
baseline:company_hist,COP,46,0.3751474299562069,0.5806315400782236,-0.18573136872115836,0.5217391304347826
baseline:company_hist,COST,47,0.038618159219815644,0.047876992825105394,-0.22171658103124092,1.0
baseline:company_hist,CRM,47,0.0765230355622905,0.0938224609812524,-0.6025478366377841,1.0
baseline:company_hist,CSCO,39,0.05642431359039223,0.06473466266389427,-0.5767220354882918,0.6410256410256411
baseline:company_hist,CVX,46,0.2346712851709325,0.3106466214108356,-0.13129947148093146,0.2608695652173913
baseline:company_hist,DD,26,0.20816568715786068,0.294623541215506,-1.000355741099717,0.6923076923076923
baseline:company_hist,DE,31,0.140959094964819,0.1722456609409583,-0.19592602769120848,0.6451612903225806
baseline:company_hist,DIS,7,0.2142025250181161,0.21551912252306912,-3.141242305926503,1.0
baseline:company_hist,DLR,46,0.07364128181145714,0.08507567510853176,-0.28056382773420063,1.0
baseline:company_hist,DOW,26,0.22079294314625747,0.26968741602994745,-0.9721677547269558,0.11538461538461539
baseline:company_hist,EA,46,0.07281689066411402,0.09554120493467569,-0.3526632356782202,0.6304347826086957
baseline:company_hist,ECL,46,0.12413697271390865,0.1549010433558247,-4.113822938508509,0.6304347826086957
baseline:company_hist,EOG,46,0.3434325338856922,0.4019031955461316,-0.3164225462360839,0.5217391304347826
baseline:company_hist,EQIX,46,0.07382316839322296,0.08131903001259481,-0.37143764102476373,1.0
baseline:company_hist,EQR,22,0.052568717886351694,0.08065539094762432,-1.1087122448310116,0.7272727272727273
baseline:company_hist,ETN,34,0.0757414311533306,0.09190337222062459,-0.38941548389559943,0.6176470588235294
baseline:company_hist,F,46,0.061761062722712666,0.08655433903049889,-0.13678496042246158,0.6956521739130435
baseline:company_hist,FCX,46,0.20508760769060874,0.2654281351900126,-0.4448054636880763,0.4782608695652174
baseline:company_hist,GE,45,0.4909629733075532,0.6283489227472414,-0.4962570090273768,0.35555555555555557
baseline:company_hist,GIS,28,0.04207027396766808,0.050679589113504994,-0.39131778793700334,0.6785714285714286
baseline:company_hist,GM,46,0.08934048232665366,0.11925018833070113,-0.13012189476481661,0.32608695652173914
baseline:company_hist,GOOGL,38,0.09176428895439329,0.10892387840094885,-0.595989908419734,1.0
baseline:company_hist,GS,46,0.13874400166389386,0.16961580631949352,-0.2922903574391158,0.45652173913043476
baseline:company_hist,HAL,46,0.22449999095001144,0.2737547087387479,-0.4412359812446871,0.4782608695652174
baseline:company_hist,HD,47,0.041489160471064504,0.061263407176992156,-0.1487898977682085,0.8936170212765957
baseline:company_hist,HON,46,0.07168534915781748,0.08728066431539945,-0.36270913534656146,0.5869565217391305
baseline:company_hist,INTC,19,0.04105717161663872,0.04700854444195165,-0.1624542225943606,0.6842105263157895
baseline:company_hist,JNJ,17,0.08070561429274214,0.10667865562851113,-0.6089077708045958,0.5882352941176471
baseline:company_hist,JPM,46,0.0582698162827645,0.08080319060919683,-0.4857466931811123,0.6956521739130435
baseline:company_hist,KMB,46,0.04424223781999419,0.07753370721735536,-0.06825015623566077,0.3695652173913043
baseline:company_hist,KO,13,0.06666343000847547,0.09016552714991549,-1.440605591597699,0.38461538461538464
baseline:company_hist,LIN,30,0.4174949729833378,0.48916305230856844,-1.3506370364540952,0.8
baseline:company_hist,LLY,46,0.1272635150599269,0.17075987674709062,-0.280921655354027,0.5
baseline:company_hist,LMT,46,0.0526984779326431,0.06672885153687601,-0.3672796404815788,0.6739130434782609
baseline:company_hist,LOW,47,0.06212562787731218,0.08226260514183519,-0.13609811822975515,0.8085106382978723
baseline:company_hist,MA,38,0.10138623183458606,0.1586275995733411,-0.18587373953051745,0.9736842105263158
baseline:company_hist,MCD,46,0.07245416266912712,0.08965488635219125,-0.2918098196029044,0.391304347826087
baseline:company_hist,MDLZ,46,0.07839356577265356,0.09034057315977946,-0.27766681724190123,0.3695652173913043
baseline:company_hist,META,46,0.17428164797562645,0.21285042161694384,-0.7817739774606907,0.9565217391304348
baseline:company_hist,MO,46,0.02191761599920935,0.025160033601445225,-0.16094770436248163,0.43478260869565216
baseline:company_hist,MRK,26,0.2114912618516529,0.29094701956645075,-3.6894985930558724,0.8076923076923077
baseline:company_hist,MS,46,0.09730002518977084,0.11491254940779495,-0.12213612837993915,0.717391304347826
baseline:company_hist,MSFT,46,0.0748076558191417,0.0828632305867248,-0.34086763492820427,0.8913043478260869
baseline:company_hist,NEM,30,0.19273892505251536,0.23173656728449257,-0.4609005171594147,0.6666666666666666
baseline:company_hist,NFLX,46,0.0811593546542115,0.10336507103595836,-0.26400670045317165,1.0
baseline:company_hist,NKE,46,0.06288572064619849,0.08307243465026401,-0.16656466937463343,0.7608695652173914
baseline:company_hist,NVDA,47,0.382648130384396,0.5523256543918907,-0.30348282707386676,0.8936170212765957
baseline:company_hist,O,30,0.13028613174964884,0.19897704709553696,-0.35030231273377144,1.0
baseline:company_hist,ORCL,38,0.19410343560655416,0.277753024713563,-0.1386401343939414,0.8421052631578947
baseline:company_hist,OXY,46,0.25371845139870763,0.29525665181967115,-0.14304719255825238,0.2826086956521739
baseline:company_hist,PEP,46,0.052935320272027846,0.06646276003036695,-0.9970069479038435,0.782608695652174
baseline:company_hist,PFE,9,0.16528201880079477,0.21110118652951523,-0.5113987959187649,0.4444444444444444
baseline:company_hist,PG,46,0.047607133428225264,0.0598078689081471,-0.2636967319255714,0.43478260869565216
baseline:company_hist,PLD,30,0.1403903713886769,0.1604888890519196,-0.35694968475763744,1.0
baseline:company_hist,PSA,46,0.050024253846544624,0.06701514743715971,-0.1801050800435926,1.0
baseline:company_hist,RTX,46,0.0940028767740512,0.13054368415571035,-0.12149990010475098,0.6739130434782609
baseline:company_hist,SBUX,24,0.0695502732032071,0.107338254915646,-0.5306207005097441,0.8333333333333334
baseline:company_hist,SCCO,33,0.12621660666663953,0.16558318106591757,-0.6056221719260264,0.42424242424242425
baseline:company_hist,SHW,46,0.07088493910068157,0.09330447455504548,-0.18561431691721242,1.0
baseline:company_hist,SLB,46,0.1703908953433428,0.22012313928146218,-0.7507551995382042,0.5652173913043478
baseline:company_hist,SPG,46,0.05113453736634227,0.07601262456315869,-0.15497089162171274,0.8478260869565217
baseline:company_hist,T,46,0.06905233258055006,0.10867180903671099,-0.15267448447840293,0.6739130434782609
baseline:company_hist,TMO,18,0.08361127916311756,0.09914847398153206,-0.4029867633304034,1.0
baseline:company_hist,TMUS,46,0.455657331487091,0.5086254752631715,-10.664666263055533,0.8695652173913043
baseline:company_hist,TSLA,46,1.0909625796499318,1.2099390876492215,-14.314303091631537,0.9347826086956522
baseline:company_hist,TTWO,46,0.21488047740346006,0.31426848968714044,-0.42883763679833975,0.8043478260869565
baseline:company_hist,UNH,46,0.035779743418279046,0.053422294908275325,-0.340181284251305,1.0
baseline:company_hist,UNP,46,0.08501637239047141,0.10682226386239058,-0.6205881466740766,0.5869565217391305
baseline:company_hist,UPS,46,0.05541601056986368,0.07171487045083212,-0.13091090401518035,0.8043478260869565
baseline:company_hist,USB,46,0.030359049569145532,0.04720926857494309,-0.10148747526929447,0.8260869565217391
baseline:company_hist,V,46,0.054424357823522576,0.07841413298903475,-0.15207152128708024,0.9130434782608695
baseline:company_hist,VLO,30,0.35245091517946003,0.44860079955204973,-0.4344881906345872,0.16666666666666666
baseline:company_hist,VZ,46,0.024624290053507476,0.032806796682764414,-0.3796330510366517,0.717391304347826
baseline:company_hist,WBD,46,0.2889103452495793,0.5058738465844133,-0.11265242868840475,0.717391304347826
baseline:company_hist,WFC,46,0.03762298212068247,0.0514138130782489,-0.12568187001724374,0.32608695652173914
baseline:company_hist,WMB,46,0.1775236132623505,0.2662087151058651,-0.22799880992168764,0.5
baseline:company_hist,WMT,47,0.02251189614943079,0.026726687485888752,-0.430137474288079,0.9361702127659575
baseline:company_hist,XOM,30,0.2603380878121558,0.3319407946605636,-0.4689120313414439,0.23333333333333334
baseline:expanding_mean,AAPL,30,0.08758866657819327,0.10961426705113313,-0.031791571288655396,0.8666666666666667
baseline:expanding_mean,ABBV,46,0.08272762112382247,0.12389572763210559,-0.09545090299205317,0.8913043478260869
baseline:expanding_mean,ABT,46,0.08795436879726778,0.10954390933244676,-0.09474279550353804,0.8913043478260869
baseline:expanding_mean,ADBE,39,0.07936076984441616,0.0985527755166731,-1.5530710056250379,1.0
baseline:expanding_mean,AMGN,46,0.04551568901101237,0.05377433638656086,-0.07380407484736984,0.9347826086956522
baseline:expanding_mean,AMT,46,0.486680652607296,0.8585302219473178,-0.008227325478879166,0.6304347826086957
baseline:expanding_mean,AMZN,46,0.1303842809389563,0.162403837390403,-1.9875260945237168,1.0
baseline:expanding_mean,APD,46,0.10899161930743259,0.12980367299701087,-0.38519040905676927,0.5434782608695652
baseline:expanding_mean,AVB,42,0.2830488347960291,0.4862340738950724,0.0028692542765749174,0.6190476190476191
baseline:expanding_mean,BA,46,0.11743658480523235,0.1594067134579403,-0.27520360322334536,0.5434782608695652
baseline:expanding_mean,BAC,46,0.06147131458201916,0.07627710620964896,-1.8248253400073335,0.6956521739130435
baseline:expanding_mean,BKNG,46,0.202666943264354,0.3315774134497675,-0.07991614686435566,0.8913043478260869
baseline:expanding_mean,BKR,34,0.12983178154080066,0.19040580548071673,-0.026532483785535854,0.7352941176470589
baseline:expanding_mean,BMY,46,0.09786002849839463,0.15620126802988984,-0.054901418844365724,0.8043478260869565
baseline:expanding_mean,BRK.B,46,0.07778976068583589,0.10177870421616922,-0.3352281015254641,0.6521739130434783
baseline:expanding_mean,C,45,0.0729516355819187,0.08420414188067389,-2.838153390217055,0.6222222222222222
baseline:expanding_mean,CAT,46,0.13686155788878307,0.15954923126059511,-0.18772905382037997,0.5
baseline:expanding_mean,CCI,46,0.4589750623903974,0.7010132865189785,-0.01934382056947026,0.5217391304347826
baseline:expanding_mean,CHTR,46,0.2345307576727654,0.599906045094304,-0.0963902106765373,0.9565217391304348
baseline:expanding_mean,CL,46,0.0673526558061759,0.08181729112993633,-2.497226278638857,0.6521739130434783
baseline:expanding_mean,CMCSA,46,0.05351748838743939,0.06485890679341165,-0.25628149129437516,0.8478260869565217
baseline:expanding_mean,COP,46,0.35201351116214313,0.5374308627833259,-0.01585159946420811,0.5
baseline:expanding_mean,COST,47,0.037594939666067036,0.048162059545428994,-0.23630845684212853,1.0
baseline:expanding_mean,CRM,47,0.13420333007322308,0.1537392883218762,-3.3029578717233434,1.0
baseline:expanding_mean,CSCO,39,0.06985519880940089,0.08398712984894267,-1.6540361797453893,0.6410256410256411
baseline:expanding_mean,CVX,46,0.2446822952850816,0.3034234053499422,-0.07930073146317151,0.391304347826087
baseline:expanding_mean,DD,26,0.2587587037985749,0.3188860108115535,-1.3433830368903985,0.19230769230769232
baseline:expanding_mean,DE,31,0.13840375471504532,0.1601541202194142,-0.03391293623255076,0.6451612903225806
baseline:expanding_mean,DIS,7,0.08855878110389105,0.11422413444690363,-0.16325458572867357,1.0
baseline:expanding_mean,DLR,46,0.0694307578761446,0.09134415272635102,-0.47622285738746006,1.0
baseline:expanding_mean,DOW,26,0.1989475279786199,0.21625439695883397,-0.2680967289594216,0.2692307692307692
baseline:expanding_mean,EA,46,0.07486097303950177,0.08626453405143493,-0.10273921708293532,0.717391304347826
baseline:expanding_mean,ECL,46,0.07570629862050898,0.09679907439120508,-0.9970061849529646,0.6304347826086957
baseline:expanding_mean,EOG,46,0.294748815911084,0.3552503931771089,-0.028540809073366757,0.5217391304347826
baseline:expanding_mean,EQIX,46,0.06102036658673388,0.0880100300186508,-0.606408613132756,1.0
baseline:expanding_mean,EQR,22,0.06851810199817329,0.08568434017794666,-1.3798710833771537,0.7272727272727273
baseline:expanding_mean,ETN,34,0.05500000386595193,0.08717296503436905,-0.25006580621025987,0.7941176470588235
baseline:expanding_mean,F,46,0.07650381503790497,0.09952564249900371,-0.5030402494600479,0.6956521739130435
baseline:expanding_mean,FCX,46,0.17792384688323262,0.22974813697798246,-0.08247895142938666,0.5869565217391305
baseline:expanding_mean,GE,45,0.33687902610751536,0.5244444094943927,-0.042325514175102885,0.35555555555555557
baseline:expanding_mean,GIS,28,0.06069747838546929,0.07336814238657245,-1.9159173757231986,0.6785714285714286
baseline:expanding_mean,GM,46,0.10969667317009825,0.1322347880302034,-0.3896281033699118,0.45652173913043476
baseline:expanding_mean,GOOGL,38,0.11185615459472532,0.13952713207326445,-1.6187936715279418,1.0
baseline:expanding_mean,GS,46,0.11788575174359972,0.15264703373720576,-0.046656560955547155,0.6521739130434783
baseline:expanding_mean,HAL,46,0.20018122341956288,0.2441231005181714,-0.14611884696971922,0.4782608695652174
baseline:expanding_mean,HD,47,0.04490957354299861,0.06257601025245582,-0.1985441991555117,0.8936170212765957
baseline:expanding_mean,HON,46,0.09200729254429219,0.11428464883931318,-1.3363767590877762,0.5869565217391305
baseline:expanding_mean,INTC,19,0.0662774176175564,0.07384754614593717,-1.8687611381717368,0.6842105263157895
baseline:expanding_mean,JNJ,17,0.06050879189891849,0.09210434109386402,-0.19932332790784923,0.8235294117647058
baseline:expanding_mean,JPM,46,0.056585955614916514,0.07029597355055381,-0.12447201835251742,0.8478260869565217
baseline:expanding_mean,KMB,46,0.09347010218683253,0.11940290881371397,-1.5335044938044047,0.6304347826086957
baseline:expanding_mean,KO,13,0.0732045891364869,0.09176116966838191,-1.5277518176260783,0.7692307692307693
baseline:expanding_mean,LIN,30,0.18844268244956144,0.3354397125282404,-0.10536888748729778,0.8
baseline:expanding_mean,LLY,46,0.11128690196423015,0.15272988505130664,-0.024705229015063557,0.782608695652174
baseline:expanding_mean,LMT,46,0.05450457793469936,0.07052279770128166,-0.5271760758842288,0.8043478260869565
baseline:expanding_mean,LOW,47,0.07228852262733507,0.08896810841464373,-0.32886124754500456,0.8085106382978723
baseline:expanding_mean,MA,38,0.12152535307793838,0.17889671873764282,-0.5082929365683475,0.9736842105263158
baseline:expanding_mean,MCD,46,0.10347532129250533,0.11586985620559703,-1.157702619172937,0.41304347826086957
baseline:expanding_mean,MDLZ,46,0.08418997910984949,0.10876594335428912,-0.8519864055499855,0.6304347826086957
baseline:expanding_mean,META,46,0.24271315495441864,0.2799066445285531,-2.0812717226690767,0.9565217391304348
baseline:expanding_mean,MO,46,0.08504996631699475,0.08805734510167738,-13.2207138802182,0.391304347826087
baseline:expanding_mean,MRK,26,0.1067416495049683,0.13868977495539392,-0.06558346168193818,0.8076923076923077
baseline:expanding_mean,MS,46,0.09252746755663246,0.10970482626383009,-0.022732585791476856,0.717391304347826
baseline:expanding_mean,MSFT,46,0.07235626022978199,0.08257695194273351,-0.33161869118352816,0.8913043478260869
baseline:expanding_mean,NEM,30,0.16768680026102628,0.2110909566461105,-0.21219017608549406,0.7
baseline:expanding_mean,NFLX,46,0.14237066346686722,0.1649820046933554,-2.220141189469269,1.0
baseline:expanding_mean,NKE,46,0.062049296672809895,0.08503961674647703,-0.22246808615967528,0.7608695652173914
baseline:expanding_mean,NVDA,47,0.42193107039279604,0.61202885716577,-0.6005110671842246,0.8936170212765957
baseline:expanding_mean,O,30,0.15253214320371464,0.23114833365507995,-0.8222442247910051,1.0
baseline:expanding_mean,ORCL,38,0.14975997895779355,0.2617348658000831,-0.011095206619804898,0.8421052631578947
baseline:expanding_mean,OXY,46,0.24227343582026042,0.2831469884985235,-0.051208040218397644,0.43478260869565216
baseline:expanding_mean,PEP,46,0.06308773612496228,0.07222388336557904,-1.3582210031387651,0.782608695652174
baseline:expanding_mean,PFE,9,0.15645022165498826,0.1758925459005276,-0.049282895019008954,0.5555555555555556
baseline:expanding_mean,PG,46,0.07538110939485977,0.0951658543210278,-2.19954710339083,0.717391304347826
baseline:expanding_mean,PLD,30,0.1256788060309943,0.17094476449838336,-0.5395202702845501,1.0
baseline:expanding_mean,PSA,46,0.04721506295816434,0.06363071218289612,-0.06391833474079145,1.0
baseline:expanding_mean,RTX,46,0.09623486885047253,0.13257881003699426,-0.15673997021782182,0.7391304347826086
baseline:expanding_mean,SBUX,24,0.06785687755229164,0.08994773594830702,-0.07482805669206027,0.8333333333333334
baseline:expanding_mean,SCCO,33,0.10728641472494758,0.1331280348702448,-0.03788672210213462,0.696969696969697
baseline:expanding_mean,SHW,46,0.06628080759330619,0.08999981604927988,-0.10311740158746985,1.0
baseline:expanding_mean,SLB,46,0.14397960411461802,0.189980754267682,-0.3041070547049056,0.5652173913043478
baseline:expanding_mean,SPG,46,0.060978458675614994,0.08759420848400201,-0.5337351400995118,0.8478260869565217
baseline:expanding_mean,T,46,0.09784399709898459,0.12690681018821517,-0.5719645314583495,0.6739130434782609
baseline:expanding_mean,TMO,18,0.06535748376636759,0.08275312428543385,0.022649580762793553,1.0
baseline:expanding_mean,TMUS,46,0.0894318879636287,0.15395470573405498,-0.06871532316299511,0.8695652173913043
baseline:expanding_mean,TSLA,46,0.3655776871072413,0.4573218852732942,-1.1878331294991087,0.9347826086956522
baseline:expanding_mean,TTWO,46,0.19330705131095072,0.270023134673019,-0.05483165391274847,0.8043478260869565
baseline:expanding_mean,UNH,46,0.042233000550942014,0.057443836781094514,-0.5495491168866808,1.0
baseline:expanding_mean,UNP,46,0.09557294382808355,0.11263485646839266,-0.8017507963676973,0.5869565217391305
baseline:expanding_mean,UPS,46,0.06637266350068483,0.08152814263716576,-0.4615882797756752,0.8043478260869565
baseline:expanding_mean,USB,46,0.06173993387795209,0.06618857460380996,-1.1651653911792281,0.8260869565217391
baseline:expanding_mean,V,46,0.06147991215737219,0.0823482786019292,-0.2705735250728307,0.9130434782608695
baseline:expanding_mean,VLO,30,0.29600064332571674,0.37858458775725623,-0.021651437141431362,0.36666666666666664
baseline:expanding_mean,VZ,46,0.07115689816004382,0.07597502989919899,-6.3990795232716335,0.717391304347826
baseline:expanding_mean,WBD,46,0.2557093048258782,0.5055164588245539,-0.11108085942404022,0.717391304347826
baseline:expanding_mean,WFC,46,0.08163904726994109,0.09363916066143199,-2.7339720894784936,0.5434782608695652
baseline:expanding_mean,WMB,46,0.16011301645670867,0.2439027870081397,-0.03082972466729128,0.6521739130434783
baseline:expanding_mean,WMT,47,0.04816541884133253,0.05350066992285029,-4.730677333215454,0.9361702127659575
baseline:expanding_mean,XOM,30,0.22455995462619144,0.2781106499837777,-0.031121326657177706,0.4666666666666667
baseline:persistence,AAPL,30,0.13417970222218206,0.1640205397963657,-1.3102250092898973,0.8333333333333334
baseline:persistence,ABBV,46,0.1190596139001956,0.16069385090674093,-0.8428024174779849,0.8260869565217391
baseline:persistence,ABT,46,0.11689126371656716,0.144896229873342,-0.9153572741587768,0.7391304347826086
baseline:persistence,ADBE,39,0.054783815759619804,0.07398488548069505,-0.4388356371261224,0.8974358974358975
baseline:persistence,AMGN,46,0.04368416242904168,0.060839296381026475,-0.37449541004438025,0.8695652173913043
baseline:persistence,AMT,46,0.7641840972328088,1.1985254838892092,-0.9649062481123238,0.6956521739130435
baseline:persistence,AMZN,46,0.07466585256851656,0.10408780247763146,-0.2272097953788863,1.0
baseline:persistence,APD,46,0.10738557534925623,0.13666800363694936,-0.5355685672621819,0.6086956521739131
baseline:persistence,AVB,42,0.47342506346814905,0.7066103841948543,-1.105820547985389,0.5476190476190477
baseline:persistence,BA,46,0.1364267538926285,0.1847569666134001,-0.7130418065666275,0.43478260869565216
baseline:persistence,BAC,46,0.04744718179247605,0.05667900279015581,-0.5597233892173943,0.6521739130434783
baseline:persistence,BKNG,46,0.271772429902757,0.4686188681525828,-1.157047444036094,0.8260869565217391
baseline:persistence,BKR,34,0.18412239632221844,0.24761865722817464,-0.736117254673132,0.7352941176470589
baseline:persistence,BMY,46,0.1226832826368823,0.18392878451204525,-0.4626559018132981,0.717391304347826
baseline:persistence,BRK.B,46,0.09234570560389986,0.12250372325881945,-0.9343729305344286,0.5434782608695652
baseline:persistence,C,45,0.05632645767315987,0.06730732657240901,-1.4523367147327741,0.4666666666666667
baseline:persistence,CAT,46,0.15889688078245512,0.1914249624332604,-0.7097203825651548,0.6086956521739131
baseline:persistence,CCI,46,0.7490230001691935,1.185540876623103,-1.9154208895656004,0.5
baseline:persistence,CHTR,46,0.34652900677278387,0.7801220776235658,-0.8540601098595446,0.9565217391304348
baseline:persistence,CL,46,0.03864834402782563,0.04330482253904993,0.020270767027644188,0.6739130434782609
baseline:persistence,CMCSA,46,0.06131447903282584,0.09010632395156631,-1.4247013666938169,0.717391304347826
baseline:persistence,COP,46,0.49386336665005315,0.7585182459480978,-1.0235648512675235,0.5217391304347826
baseline:persistence,COST,47,0.038363086648018144,0.04696602353318923,-0.17566698395467095,1.0
baseline:persistence,CRM,47,0.04798997223238657,0.07450261591481842,-0.01050951019010693,1.0
baseline:persistence,CSCO,39,0.07478356759071418,0.0918615345649332,-2.1750367097365304,0.41025641025641024
baseline:persistence,CVX,46,0.2865997132668537,0.39022979812153075,-0.7851929929971315,0.6521739130434783
baseline:persistence,DD,26,0.2256035080566473,0.3207885224096993,-1.3714282484525984,0.8076923076923077
baseline:persistence,DE,31,0.15627496721080486,0.18105738342443556,-0.32141799503883095,0.6451612903225806
baseline:persistence,DIS,7,0.08506377944367849,0.11304597363214754,-0.13938164530186326,1.0
baseline:persistence,DLR,46,0.10186629466876847,0.12038456210837142,-1.5640826303693847,1.0
baseline:persistence,DOW,26,0.23751234078920588,0.2867151433365476,-1.2290702336304844,0.5384615384615384
baseline:persistence,EA,46,0.10827206873376893,0.13664247743502492,-1.766812398240336,0.5217391304347826
baseline:persistence,ECL,46,0.0727149650911585,0.08795014093189486,-0.6485802029258483,0.6521739130434783
baseline:persistence,EOG,46,0.3855516407395816,0.4906501804090588,-0.9619878741714516,0.5434782608695652
baseline:persistence,EQIX,46,0.054088191739930486,0.07283242528592414,-0.10012296284921507,1.0
baseline:persistence,EQR,22,0.09183927059348294,0.12304089192010809,-3.9073774163843282,0.6363636363636364
baseline:persistence,ETN,34,0.07084509090568765,0.09821205256441562,-0.5867145895687087,0.7647058823529411
baseline:persistence,F,46,0.08325258049554166,0.10322577858310425,-0.6168769329456179,0.6086956521739131
baseline:persistence,FCX,46,0.26233028607507697,0.31819586747826756,-1.0763689871486979,0.4782608695652174
baseline:persistence,GE,45,0.4208612241399894,0.761691781197629,-1.1986848660774383,0.6666666666666666
baseline:persistence,GIS,28,0.04334321802070432,0.05212001455940441,-0.4715303507506541,0.7857142857142857
baseline:persistence,GM,46,0.09784423320685977,0.1437616381287341,-0.6424538192557641,0.6086956521739131
baseline:persistence,GOOGL,38,0.09833586792528633,0.13530607167364644,-1.462739739934252,1.0
baseline:persistence,GS,46,0.16733651030504465,0.21722884144221516,-1.1196415943583875,0.5217391304347826
baseline:persistence,HAL,46,0.250929196486214,0.30433745812860885,-0.7812411432269837,0.5652173913043478
baseline:persistence,HD,47,0.05315602145659878,0.07503249114350172,-0.7232053966549259,0.8297872340425532
baseline:persistence,HON,46,0.08074444382132494,0.11013373327358318,-1.1697405382407897,0.4782608695652174
baseline:persistence,INTC,19,0.06695118905242983,0.075793386437078,-2.021933302579128,0.5263157894736842
baseline:persistence,JNJ,17,0.08583743031615698,0.14180600750367262,-1.8429245952496371,0.7647058823529411
baseline:persistence,JPM,46,0.0572542693515592,0.0805291335018781,-0.4756854832123496,0.717391304347826
baseline:persistence,KMB,46,0.07163362809473976,0.11935764132084943,-1.5315838763214753,0.43478260869565216
baseline:persistence,KO,13,0.06188669978538716,0.08752220920961505,-1.299604197054189,0.7692307692307693
baseline:persistence,LIN,30,0.27829681935151024,0.4534529441438541,-1.0199598351701318,0.6
baseline:persistence,LLY,46,0.10163272992952299,0.12411658987283253,0.32327756895429427,0.6739130434782609
baseline:persistence,LMT,46,0.05551420778845848,0.07572686104971336,-0.7608807951284386,0.6956521739130435
baseline:persistence,LOW,47,0.06718455357841938,0.09328439090582924,-0.4609282364077889,0.851063829787234
baseline:persistence,MA,38,0.14861106380709968,0.2040208906956562,-0.9616893114707004,0.9473684210526315
baseline:persistence,MCD,46,0.08302355477975516,0.10951817868254739,-0.9276273438101126,0.6304347826086957
baseline:persistence,MDLZ,46,0.05859097193177689,0.06926039216511104,0.24903131920953803,0.6956521739130435
baseline:persistence,META,46,0.11895684143689284,0.1491298462113283,0.1253531783850843,0.9130434782608695
baseline:persistence,MO,46,0.021461718570328553,0.027153636983287453,-0.35221652436586104,0.6304347826086957
baseline:persistence,MRK,26,0.15614950801732566,0.1972094623413146,-1.1545376251318884,0.6923076923076923
baseline:persistence,MS,46,0.13931799171833237,0.16175397927187982,-1.2234152104780356,0.4782608695652174
baseline:persistence,MSFT,46,0.06279442026407546,0.0878158629968804,-0.5059416098586713,0.8260869565217391
baseline:persistence,NEM,30,0.2111987537455815,0.2667845001761569,-0.9362110395370296,0.6
baseline:persistence,NFLX,46,0.05038963765070482,0.06130913228357482,0.5553153889220175,1.0
baseline:persistence,NKE,46,0.08034778400600313,0.11128557936275484,-1.0934988369061327,0.7391304347826086
baseline:persistence,NVDA,47,0.4379054383727721,0.6392222739132656,-0.7458972532563404,0.723404255319149
baseline:persistence,O,30,0.1529386635128829,0.22990082923079536,-0.8026280473683389,1.0
baseline:persistence,ORCL,38,0.25795052235924676,0.3853705441644981,-1.1919261906704688,0.6842105263157895
baseline:persistence,OXY,46,0.2981506372641244,0.3753808360600149,-0.8476043438848888,0.6304347826086957
baseline:persistence,PEP,46,0.03303900136040792,0.04263827295688927,0.1780942062372355,0.7608695652173914
baseline:persistence,PFE,9,0.16861290599603773,0.18439315145569027,-0.1531539660103265,0.5555555555555556
baseline:persistence,PG,46,0.03450757931367708,0.0439655729408458,0.31710854105635333,0.8695652173913043
baseline:persistence,PLD,30,0.1707330457309582,0.21820047103370677,-1.5083328767741353,1.0
baseline:persistence,PSA,46,0.045949311438955476,0.06732568398565658,-0.1910672234332802,1.0
baseline:persistence,RTX,46,0.12922863136823604,0.18981237660442285,-1.371027346741923,0.6956521739130435
baseline:persistence,SBUX,24,0.06750432537292853,0.09557635704717934,-0.21355501151227996,0.7916666666666666
baseline:persistence,SCCO,33,0.14015724767505405,0.18989049190152096,-1.1116277093869318,0.6060606060606061
baseline:persistence,SHW,46,0.07917176425429606,0.1153387126020289,-0.8117100402773085,1.0
baseline:persistence,SLB,46,0.17012619880403432,0.20490915644658436,-0.5171089135979359,0.5869565217391305
baseline:persistence,SPG,46,0.06675178828041743,0.10454596290646058,-1.184812222575307,0.782608695652174
baseline:persistence,T,46,0.09237759240641019,0.126401291935934,-0.5594660051640956,0.6956521739130435
baseline:persistence,TMO,18,0.09291179441504838,0.12266022065662309,-1.147281529240702,1.0
baseline:persistence,TMUS,46,0.1318365883480095,0.21458014276427606,-1.0761329455814104,0.8260869565217391
baseline:persistence,TSLA,46,0.34196772663915403,0.41324830113866473,-0.7864562208699413,0.9347826086956522
baseline:persistence,TTWO,46,0.4169387303787977,0.610967355474738,-4.400291671070582,0.6086956521739131
baseline:persistence,UNH,46,0.04795185712581306,0.06604466367437131,-1.0483017385309878,1.0
baseline:persistence,UNP,46,0.09200866589215545,0.1176353682701661,-0.9652822676915271,0.4782608695652174
baseline:persistence,UPS,46,0.061075843306231274,0.07327761081934274,-0.1807353258708655,0.8043478260869565
baseline:persistence,USB,46,0.04678887460871911,0.06943892818403918,-1.3830383804355013,0.6739130434782609
baseline:persistence,V,46,0.07535998618810702,0.11050526088276205,-1.2880033699321007,0.8260869565217391
baseline:persistence,VLO,30,0.3834722188623568,0.541610705338055,-1.090987181826192,0.6
baseline:persistence,VZ,46,0.03427442089890109,0.042386942024023516,-1.3030327156121135,0.4782608695652174
baseline:persistence,WBD,46,0.38406837007795247,0.6674574630503083,-0.9369671380019702,0.7391304347826086
baseline:persistence,WFC,46,0.05569634170974968,0.07548720666160431,-1.4266254768360516,0.45652173913043476
baseline:persistence,WMB,46,0.2446255661992904,0.34715772603251294,-1.0883682282209524,0.41304347826086957
baseline:persistence,WMT,47,0.024247443706270414,0.03193407210643261,-1.0417196986713826,0.8723404255319149
baseline:persistence,XOM,30,0.2890773376092634,0.38651475965161836,-0.9916209904539968,0.4666666666666667
baseline:sector_median,AAPL,30,0.1368208936470583,0.15812600129426196,-1.147159883900415,0.8666666666666667
baseline:sector_median,ABBV,46,0.0910915059609768,0.13544391750648113,-0.30917972132493765,0.9130434782608695
baseline:sector_median,ABT,46,0.07638144527353574,0.10487059607189525,-0.0033283813165247977,0.9130434782608695
baseline:sector_median,ADBE,39,0.054835641991444334,0.06851011681719092,-0.23377109175200927,1.0
baseline:sector_median,AMGN,46,0.06813627077817586,0.0828976075264808,-1.5518722072322682,0.9130434782608695
baseline:sector_median,AMT,46,0.46612819812735234,0.8330828324430903,0.050655894829295556,0.6304347826086957
baseline:sector_median,AMZN,46,0.15949403019226932,0.1945770561310922,-3.288470139734107,0.9130434782608695
baseline:sector_median,APD,46,0.08120082079328082,0.10399800373628726,0.11082853190864284,0.6521739130434783
baseline:sector_median,AVB,42,0.2672986304910842,0.4664272191571184,0.08245134872401905,0.6190476190476191
baseline:sector_median,BA,46,0.10723536185720588,0.14578298205583673,-0.06654694186990717,0.5217391304347826
baseline:sector_median,BAC,46,0.048674277611140335,0.05931520719367332,-0.7081865067439985,0.6739130434782609
baseline:sector_median,BKNG,46,0.20110478882352192,0.3247782464618385,-0.03608174365179839,0.8478260869565217
baseline:sector_median,BKR,34,0.22768994105550103,0.2964367164703534,-1.4881485940790542,0.7058823529411765
baseline:sector_median,BMY,46,0.09636209330705615,0.16670790054634263,-0.20158674981749436,0.8260869565217391
baseline:sector_median,BRK.B,46,0.07885368535298809,0.10004291850370982,-0.290073144606962,0.5869565217391305
baseline:sector_median,C,45,0.04634973078043252,0.05578626483005245,-0.6846511657994545,0.6888888888888889
baseline:sector_median,CAT,46,0.11786209625076338,0.14260188942514043,0.05119162884460504,0.6956521739130435
baseline:sector_median,CCI,46,0.4742837745175237,0.7147020239037891,-0.059542104771381554,0.5217391304347826
baseline:sector_median,CHTR,46,0.2269255030773819,0.597297044270662,-0.08687451119880807,0.9565217391304348
baseline:sector_median,CL,46,0.028704265610663353,0.0341343796418697,0.3912800029669845,0.7608695652173914
baseline:sector_median,CMCSA,46,0.05303116461264366,0.0690942231809475,-0.42570998012879735,0.8478260869565217
baseline:sector_median,COP,46,0.3984387548973212,0.6077178122590499,-0.2989397120664943,0.41304347826086957
baseline:sector_median,COST,47,0.06734566239985032,0.07734723027586721,-2.1886457484074735,0.8085106382978723
baseline:sector_median,CRM,47,0.08721168807605835,0.11878954132876554,-1.5689388837569238,1.0
baseline:sector_median,CSCO,39,0.10715072227751708,0.12742208770323302,-5.109009372562049,0.6410256410256411
baseline:sector_median,CVX,46,0.30841206444979374,0.39892671643884614,-0.8656516635316891,0.4782608695652174
baseline:sector_median,DD,26,0.24617716815456733,0.3174711154508192,-1.3226340172810858,0.34615384615384615
baseline:sector_median,DE,31,0.13847343682121377,0.16568035099848144,-0.10649574704194986,0.6774193548387096
baseline:sector_median,DIS,7,0.07451255228990913,0.09642173926431095,0.17108701340201304,1.0
baseline:sector_median,DLR,46,0.08521938136845364,0.10545179141772235,-0.9674257255762861,1.0
baseline:sector_median,DOW,26,0.1668007970039249,0.20736128202432805,-0.16594436518621136,0.4230769230769231
baseline:sector_median,EA,46,0.059429207455793685,0.08139844002759816,0.018160676862300495,0.717391304347826
baseline:sector_median,ECL,46,0.06525188713449097,0.08195608520368239,-0.43152656415272683,0.5652173913043478
baseline:sector_median,EOG,46,0.34808720042866176,0.4352044800134616,-0.5436154186093076,0.5652173913043478
baseline:sector_median,EQIX,46,0.07309875831977415,0.09150606865380598,-0.736566746193529,1.0
baseline:sector_median,EQR,22,0.07958963121620935,0.10281001080312206,-2.4262679849237747,0.7272727272727273
baseline:sector_median,ETN,34,0.07420570208923023,0.09047715235610167,-0.3466262824621704,0.7352941176470589
baseline:sector_median,F,46,0.07328905950652011,0.09313772352947539,-0.31629086764807846,0.6086956521739131
baseline:sector_median,FCX,46,0.19068995691742527,0.2400978409646082,-0.18220277132767837,0.391304347826087
baseline:sector_median,GE,45,0.3242163832373272,0.5283369021293165,-0.05785547694520443,0.4888888888888889
baseline:sector_median,GIS,28,0.04110255126469007,0.048662703186289104,-0.28278132109975984,0.6785714285714286
baseline:sector_median,GM,46,0.10643435813060875,0.12990360636975415,-0.3410641655226405,0.3695652173913043
baseline:sector_median,GOOGL,38,0.07686353211025503,0.10449623887427265,-0.4688764433252979,1.0
baseline:sector_median,GS,46,0.1131784080233619,0.15305574362409127,-0.05226887531978153,0.5869565217391305
baseline:sector_median,HAL,46,0.2230810402359273,0.26453149395315356,-0.3457570672708439,0.6086956521739131
baseline:sector_median,HD,47,0.06893087072962577,0.10331498098312761,-2.2671187115820266,0.8085106382978723
baseline:sector_median,HON,46,0.07855437434223429,0.10212964779242868,-0.8658243196936894,0.5652173913043478
baseline:sector_median,INTC,19,0.09572434329559992,0.11882325754389415,-6.427200707239706,0.6842105263157895
baseline:sector_median,JNJ,17,0.07423011552801222,0.11665790540410854,-0.923997174744535,0.7647058823529411
baseline:sector_median,JPM,46,0.047058973983046946,0.06785156944260198,-0.04762908712547542,0.8260869565217391
baseline:sector_median,KMB,46,0.05126238155483621,0.0919990711561007,-0.5040377970841652,0.6521739130434783
baseline:sector_median,KO,13,0.04576410647245473,0.059470786932969665,-0.061754035104676586,0.7692307692307693
baseline:sector_median,LIN,30,0.17668784173630686,0.3331886029003325,-0.09058258141046016,0.6666666666666666
baseline:sector_median,LLY,46,0.125394436331883,0.1683609885269497,-0.24518487473585315,0.7608695652173914
baseline:sector_median,LMT,46,0.06826641888750365,0.08873167568290614,-1.4176165092521313,0.6521739130434783
baseline:sector_median,LOW,47,0.08947225030563997,0.12095170783086544,-1.4560371554895504,0.723404255319149
baseline:sector_median,MA,38,0.1435417684582592,0.20023303413748123,-0.8895239623814906,0.8947368421052632
baseline:sector_median,MCD,46,0.11582417609655969,0.13258434017761433,-1.8251083972019764,0.32608695652173914
baseline:sector_median,MDLZ,46,0.046177595020217115,0.06323705989415829,0.3739698172144543,0.782608695652174
baseline:sector_median,META,46,0.21175939224496837,0.2564233320268945,-1.5859412905438455,0.9565217391304348
baseline:sector_median,MO,46,0.04459272737632324,0.05331061036777776,-4.212157532410005,0.32608695652173914
baseline:sector_median,MRK,26,0.09118610694257354,0.11477128717774718,0.2702651468882715,0.7692307692307693
baseline:sector_median,MS,46,0.1023691767374314,0.12199802653245499,-0.2647836315041885,0.6521739130434783
baseline:sector_median,MSFT,46,0.07658322334226467,0.09094598926552094,-0.615211093090511,0.8913043478260869
baseline:sector_median,NEM,30,0.22795362688142254,0.2707984726838592,-0.994912837334869,0.36666666666666664
baseline:sector_median,NFLX,46,0.15743851024909977,0.17127212075954046,-2.470364659107393,1.0
baseline:sector_median,NKE,46,0.07746108712840286,0.11215432742365694,-1.1263121083701475,0.6739130434782609
baseline:sector_median,NVDA,47,0.4113693992534768,0.6018228348109033,-0.5475767853192448,0.8936170212765957
baseline:sector_median,O,30,0.15242775425716218,0.2160286950299816,-0.5916513170740663,1.0
baseline:sector_median,ORCL,38,0.18780498590441722,0.251697616652352,0.06496665295061599,0.8421052631578947
baseline:sector_median,OXY,46,0.2977675687991932,0.3883760848974123,-0.9777424669577546,0.5217391304347826
baseline:sector_median,PEP,46,0.03526535002913576,0.04179500748558131,0.21028271164825474,0.7608695652173914
baseline:sector_median,PFE,9,0.14687249051073442,0.16866894279389877,0.03513185417444464,0.5555555555555556
baseline:sector_median,PG,46,0.03904519697421222,0.05055559969209101,0.09704784352562679,0.8260869565217391
baseline:sector_median,PLD,30,0.1371699808510312,0.17126046262243705,-0.5452118450239858,1.0
baseline:sector_median,PSA,46,0.0471319361455816,0.06409726807603945,-0.07957735007290068,1.0
baseline:sector_median,RTX,46,0.11441240888849696,0.1609860931041072,-0.7055491167062691,0.5434782608695652
baseline:sector_median,SBUX,24,0.06805287707122429,0.08752151807852179,-0.017626026512781,0.7916666666666666
baseline:sector_median,SCCO,33,0.14019197365493208,0.17471051986979888,-0.7875122440098272,0.45454545454545453
baseline:sector_median,SHW,46,0.07175700554435058,0.11122952691251216,-0.6849176208245447,0.6304347826086957
baseline:sector_median,SLB,46,0.19283711880066573,0.22810560520242829,-0.8800350396137513,0.6086956521739131
baseline:sector_median,SPG,46,0.07629092309688248,0.09303123052525096,-0.730043860415102,0.8478260869565217
baseline:sector_median,T,46,0.09167841943821047,0.1221441822529291,-0.4561913899664565,0.6739130434782609
baseline:sector_median,TMO,18,0.07599092732955809,0.10705593617900429,-0.6356975846566668,1.0
baseline:sector_median,TMUS,46,0.09280767498563948,0.1614797417239891,-0.175742433788471,0.8695652173913043
baseline:sector_median,TSLA,46,0.37228809584492906,0.47303603174647263,-1.3407696054358555,0.8478260869565217
baseline:sector_median,TTWO,46,0.19689818105075996,0.27643425884632206,-0.10551574928068708,0.8043478260869565
baseline:sector_median,UNH,46,0.0561788856699729,0.07471985334169105,-1.6217452472147986,0.9782608695652174
baseline:sector_median,UNP,46,0.07406085676729568,0.1027979739817968,-0.5007840776212222,0.6086956521739131
baseline:sector_median,UPS,46,0.08628747422878921,0.11602717656560566,-1.960256908405733,0.4782608695652174
baseline:sector_median,USB,46,0.04116055128385144,0.05702838663795083,-0.6073379186725385,0.8478260869565217
baseline:sector_median,V,46,0.08782575438492106,0.10835676581428805,-1.1998993896366117,0.8478260869565217
baseline:sector_median,VLO,30,0.3458559273328897,0.48607105462016,-0.6841330945447541,0.5333333333333333
baseline:sector_median,VZ,46,0.06266852434270843,0.07368307858747852,-5.959394598746023,0.717391304347826
baseline:sector_median,WBD,46,0.24543016983768112,0.49948864550413413,-0.08474162623502335,0.717391304347826
baseline:sector_median,WFC,46,0.059940569632874724,0.07144669014852853,-1.1738034401813948,0.4782608695652174
baseline:sector_median,WMB,46,0.3035197152656545,0.40841884088864183,-1.890446559851354,0.391304347826087
baseline:sector_median,WMT,47,0.021989962556810728,0.027120394690654717,-0.47258213371407165,0.8297872340425532
baseline:sector_median,XOM,30,0.30834305334351925,0.4011878808117449,-1.1457056255548141,0.43333333333333335
catboost,AAPL,30,0.0973973651977733,0.12633458772890924,-0.3705735369698404,0.8333333333333334
catboost,ABBV,46,0.08565850801290162,0.12092720990499202,-0.04358618655554869,0.8260869565217391
catboost,ABT,46,0.0827135236911349,0.11135449829775165,-0.1312306291183638,0.6304347826086957
catboost,ADBE,39,0.0473131217053567,0.05622732256102401,0.16896372456927267,1.0
catboost,AMGN,46,0.03995013732187081,0.05322789068145551,-0.05209132833073471,0.8478260869565217
catboost,AMT,46,0.5602197716513934,0.9000214668606672,-0.10803384059274612,0.7608695652173914
catboost,AMZN,46,0.06875554221687619,0.08765998342415439,0.1295939480306747,1.0
catboost,APD,46,0.081915140612156,0.09929136218104274,0.18948986435709536,0.6304347826086957
catboost,AVB,42,0.4290818796267414,0.5878431156555344,-0.45741824192899316,0.47619047619047616
catboost,BA,46,0.11470409773530817,0.15784669893281048,-0.250366481852748,0.5869565217391305
catboost,BAC,46,0.036948232559003646,0.04771348638081591,-0.1053135291686671,0.7608695652173914
catboost,BKNG,46,0.1790703579183241,0.3003196699858629,0.1140938592550268,0.9347826086956522
catboost,BKR,34,0.12538432793730847,0.18570977990134324,0.023478351570366707,0.7058823529411765
catboost,BMY,46,0.0942476038775912,0.14967755947934122,0.03137393189106774,0.717391304347826
catboost,BRK.B,46,0.07514778970358736,0.09717872166013936,-0.21726179899257847,0.6304347826086957
catboost,C,45,0.040164380992371185,0.04815651599183053,-0.25535205225909086,0.6
catboost,CAT,46,0.09874253252034895,0.12164547222215377,0.3095696952362502,0.717391304347826
catboost,CCI,46,0.6266211419379075,0.7854722159617143,-0.27976388735878244,0.5434782608695652
catboost,CHTR,46,0.23643563503525603,0.5830592980599605,-0.03567650389054555,0.9565217391304348
catboost,CL,46,0.029194291574666215,0.03697809657540272,0.2856309263042429,0.7608695652173914
catboost,CMCSA,46,0.04990239066997541,0.06773055645124426,-0.3699887475058581,0.8043478260869565
catboost,COP,46,0.3324371326369091,0.5280547784089132,0.019284550442582593,0.6304347826086957
catboost,COST,47,0.03414197630538159,0.04283288292520475,0.02215200026617503,1.0
catboost,CRM,47,0.03629853278885457,0.04599727265347215,0.614821955009391,1.0
catboost,CSCO,39,0.04502552171577501,0.05807564257803155,-0.26902274530218384,0.6923076923076923
catboost,CVX,46,0.20123561349051225,0.2634568753925986,0.18630173759934332,0.7391304347826086
catboost,DD,26,0.23224000596086605,0.3192352747104028,-1.3485190872782318,0.46153846153846156
catboost,DE,31,0.10777089859613513,0.12824123465901308,0.3370769523291427,0.7741935483870968
catboost,DIS,7,0.05520404370685659,0.07814984246017083,0.4554782452091577,1.0
catboost,DLR,46,0.07210042102174376,0.09039961499324384,-0.44585114621419564,1.0
catboost,DOW,26,0.13122100756929894,0.1666380029915129,0.247042273697627,0.7307692307692307
catboost,EA,46,0.09723048332372787,0.12102545202258416,-1.1705094690880062,0.6956521739130435
catboost,ECL,46,0.05340847096385641,0.07181331147349532,-0.09912454868105325,0.6956521739130435
catboost,EOG,46,0.2545752700618842,0.3142373527039175,0.19523698686634172,0.7391304347826086
catboost,EQIX,46,0.05747449171521941,0.07769782551647625,-0.25201466269627515,0.9782608695652174
catboost,EQR,22,0.05641096614797602,0.07281001936308903,-0.7184338216623491,0.6818181818181818
catboost,ETN,34,0.06448110586189773,0.07725052230568491,0.018315149970502875,0.7941176470588235
catboost,F,46,0.06041022892891034,0.0836983711373851,-0.0630033745954548,0.6521739130434783
catboost,FCX,46,0.17455602155038463,0.21670027733530114,0.03698201522590172,0.6086956521739131
catboost,GE,45,0.32116175539355696,0.5020090886272845,0.04494670357903219,0.4888888888888889
catboost,GIS,28,0.040589628676387116,0.04700280093325368,-0.19676159683599903,0.75
catboost,GM,46,0.08503178594859462,0.11757660548949365,-0.09862373425413562,0.5217391304347826
catboost,GOOGL,38,0.07898514610083629,0.10243948902721953,-0.4116230936955605,1.0
catboost,GS,46,0.12074393759609556,0.1557479150553505,-0.08961216811245465,0.6521739130434783
catboost,HAL,46,0.15290275501767286,0.1948534663843046,0.26982296071739353,0.7391304347826086
catboost,HD,47,0.04011704777003721,0.0617586626946633,-0.16743868814926266,0.8297872340425532
catboost,HON,46,0.06413904675385292,0.07977904188743573,-0.13853061628599161,0.6086956521739131
catboost,INTC,19,0.06095285314203428,0.07743717607434027,-2.154432694589013,0.6842105263157895
catboost,JNJ,17,0.0737975504879209,0.09810525692144993,-0.360694533673084,0.7058823529411765
catboost,JPM,46,0.052418573724826986,0.07534444706347172,-0.2917850464868528,0.717391304347826
catboost,KMB,46,0.051443961542173906,0.09136209759585137,-0.4832828973588674,0.6956521739130435
catboost,KO,13,0.041213453491339806,0.06512523736997494,-0.27325440739109563,0.6923076923076923
catboost,LIN,30,0.1602463999372318,0.30747191130208595,0.0712706359048435,0.7
catboost,LLY,46,0.10100424748275576,0.13971414113716413,0.1425049270432187,0.7608695652173914
catboost,LMT,46,0.04694405185619416,0.06103861550875566,-0.1440352204627351,0.717391304347826
catboost,LOW,47,0.05691977280700308,0.08166433179742474,-0.11963314987733797,0.8723404255319149
catboost,MA,38,0.11206634080936186,0.15733693118670888,-0.16665459942659377,0.9473684210526315
catboost,MCD,46,0.06984796377079726,0.09048709362725926,-0.315903164223285,0.5
catboost,MDLZ,46,0.048049059923167076,0.06040196794665801,0.4288448335592351,0.8695652173913043
catboost,META,46,0.12323540973272619,0.1508730125176229,0.10478632755050377,0.9565217391304348
catboost,MO,46,0.030461022162660997,0.0374882878178763,-1.5773976885944592,0.43478260869565216
catboost,MRK,26,0.11274520961571252,0.1465073204859103,-0.1890968688375987,0.7307692307692307
catboost,MS,46,0.09961209999184555,0.12793009908811886,-0.39077251053633,0.6521739130434783
catboost,MSFT,46,0.05808158805432491,0.06895144020152318,0.07157063212356007,0.8913043478260869
catboost,NEM,30,0.16735582236815755,0.2109924215332369,-0.21105876410779545,0.7333333333333333
catboost,NFLX,46,0.047567909332499304,0.05951681611670902,0.5809352397181814,1.0
catboost,NKE,46,0.06317771579234098,0.09270415159210309,-0.4527581117850392,0.8478260869565217
catboost,NVDA,47,0.3308634546433671,0.5028604171031008,-0.08046271540197614,0.8723404255319149
catboost,O,30,0.1367525984880946,0.20071492182879255,-0.37399252432522756,1.0
catboost,ORCL,38,0.17253710669397596,0.27766322257503384,-0.1379039711117762,0.8157894736842105
catboost,OXY,46,0.23424863327635134,0.279185780592978,-0.022001116972974133,0.5
catboost,PEP,46,0.03531736024872184,0.04397117070517345,0.12590449257512104,0.7608695652173914
catboost,PFE,9,0.12850527246238683,0.16062686029262005,0.12494759220485496,0.7777777777777778
catboost,PG,46,0.03534130204334193,0.04889704321443403,0.15532157124450952,0.782608695652174
catboost,PLD,30,0.162331756091907,0.19945874470444827,-1.0959454045561392,0.9
catboost,PSA,46,0.07745575070713316,0.10214654263307299,-1.7417134861076655,0.9782608695652174
catboost,RTX,46,0.0863574715610229,0.12820505369594254,-0.08167750737232349,0.6956521739130435
catboost,SBUX,24,0.07096262883164263,0.10035402689312883,-0.33791378971379205,0.7083333333333334
catboost,SCCO,33,0.11515138757501121,0.14911982941700258,-0.3022120497730556,0.5454545454545454
catboost,SHW,46,0.05482969171439178,0.07664876497652745,0.19989162717620168,0.9565217391304348
catboost,SLB,46,0.11556414261916279,0.15499860157000375,0.13194031104065607,0.6956521739130435
catboost,SPG,46,0.047194751396786284,0.0671677391327869,0.09817754857898575,0.8913043478260869
catboost,T,46,0.086859776188497,0.12702910239230866,-0.5749956001837269,0.6739130434782609
catboost,TMO,18,0.06498237255546942,0.08991130770266852,-0.1537458014488864,1.0
catboost,TMUS,46,0.09019436973276256,0.15027159681804825,-0.01819252198329191,0.8695652173913043
catboost,TSLA,46,0.24950471253812803,0.31671550290417555,-0.04932221759346178,0.9347826086956522
catboost,TTWO,46,0.2549398427060667,0.3336882001880945,-0.6108789392391099,0.8043478260869565
catboost,UNH,46,0.04243013801153056,0.05919094433159827,-0.6452390359076525,1.0
catboost,UNP,46,0.061754465854568334,0.07906587740774113,0.11217515901031272,0.5434782608695652
catboost,UPS,46,0.0438487667669532,0.05766788501699779,0.2687295863492184,0.8478260869565217
catboost,USB,46,0.03624902465282436,0.052111765449348556,-0.3421362070764742,0.717391304347826
catboost,V,46,0.06647090132912024,0.08685694683042525,-0.4135132036137841,0.8913043478260869
catboost,VLO,30,0.24880914903768833,0.33647584905487843,0.19297927847631957,0.7333333333333333
catboost,VZ,46,0.04018468223962524,0.05183993511491876,-2.444806518314214,0.717391304347826
catboost,WBD,46,0.24795330249623337,0.47820672383212814,0.005725222895626936,0.7391304347826086
catboost,WFC,46,0.0464374917236783,0.06025786705672142,-0.546263672362499,0.43478260869565216
catboost,WMB,46,0.1619355811813594,0.23084301665032228,0.07660633765426028,0.6304347826086957
catboost,WMT,47,0.029463424809549145,0.040048593351905665,-2.211160767804675,0.8936170212765957
catboost,XOM,30,0.1889163420617813,0.24925219523657796,0.17176703293058404,0.7
elasticnet,AAPL,30,0.08461592292953743,0.10322177841047206,0.08504342613618543,0.8666666666666667
elasticnet,ABBV,46,0.05624335225212389,0.09176794457790922,0.39901689189593637,0.9347826086956522
elasticnet,ABT,46,0.059801125502322625,0.09309924777715767,0.20927045100716746,0.8260869565217391
elasticnet,ADBE,39,0.10314705792329161,0.13964915084063032,-4.126273492553635,1.0
elasticnet,AMGN,46,0.059272104713399554,0.07956324317973311,-1.350714486972413,0.9130434782608695
elasticnet,AMT,46,0.6544889968837733,1.07241367055298,-0.5731566525356044,0.6956521739130435
elasticnet,AMZN,46,0.10036172299811573,0.12137525804113429,-0.6687046112946955,0.9782608695652174
elasticnet,APD,46,0.07599102183533918,0.09560667666302211,0.2485294647092543,0.5869565217391305
elasticnet,AVB,42,0.624226560682582,1.041583495778421,-3.5756153439096785,0.5952380952380952
elasticnet,BA,46,0.10573747279189054,0.14668038428592617,-0.07971812943621281,0.6304347826086957
elasticnet,BAC,46,0.05117287004185021,0.06640653430661059,-1.1410401636092602,0.6521739130434783
elasticnet,BKNG,46,0.176622096952327,0.2876987559260405,0.18698955755626956,0.8913043478260869
elasticnet,BKR,34,0.13503210787159972,0.1881284698484642,-0.0021237879091016154,0.7647058823529411
elasticnet,BMY,46,0.09762379818061435,0.153548480747896,-0.019374613552640918,0.8260869565217391
elasticnet,BRK.B,46,0.08850029605083005,0.11923620658175409,-0.8325588522901657,0.5217391304347826
elasticnet,C,45,0.05439134212953882,0.06746735305972072,-1.464011680045055,0.5777777777777777
elasticnet,CAT,46,0.10321371812976554,0.12492833418676037,0.27180138891051975,0.6304347826086957
elasticnet,CCI,46,0.619037299685612,0.8515984127553591,-0.5043118700448066,0.5652173913043478
elasticnet,CHTR,46,0.2507704092296616,0.5820851370651166,-0.03221862980771317,0.9130434782608695
elasticnet,CL,46,0.043129019490148156,0.056651662888801746,-0.6767135134531501,0.717391304347826
elasticnet,CMCSA,46,0.059011079930150444,0.07867556014693372,-0.8485338175746653,0.8913043478260869
elasticnet,COP,46,0.29893644008518244,0.48950519938106746,0.15724821454121718,0.7608695652173914
elasticnet,COST,47,0.04539609367446763,0.05530428031363722,-0.6301750039419929,0.8085106382978723
elasticnet,CRM,47,0.06498275718900651,0.08571289459012658,-0.33748735594357315,1.0
elasticnet,CSCO,39,0.05916033362275151,0.08100694424465787,-1.4690271107484825,0.6666666666666666
elasticnet,CVX,46,0.1830102140059626,0.25229675558157133,0.2537786910591924,0.6956521739130435
elasticnet,DD,26,0.21632291296400633,0.3068511694109417,-1.1698410047103018,0.7307692307692307
elasticnet,DE,31,0.10021664126348721,0.12742194639879204,0.3455202608181024,0.8387096774193549
elasticnet,DIS,7,0.08584648592098452,0.11347522735523125,-0.14805090370038854,1.0
elasticnet,DLR,46,0.06561032296176293,0.07789187609388054,-0.07343252577725745,0.9782608695652174
elasticnet,DOW,26,0.13702944499756659,0.1623317799411587,0.2854549900154849,0.5384615384615384
elasticnet,EA,46,0.09486263415890893,0.12418500329815879,-1.2853176007944511,0.6956521739130435
elasticnet,ECL,46,0.08118197640953054,0.10190357822907256,-1.213175576623073,0.6521739130434783
elasticnet,EOG,46,0.23871703222146703,0.298308933766758,0.27475471695128584,0.5869565217391305
elasticnet,EQIX,46,0.07790533372162735,0.09550642746904843,-0.8917201330199211,1.0
elasticnet,EQR,22,0.09452310246887609,0.10573571007849633,-2.6240475811110042,0.7272727272727273
elasticnet,ETN,34,0.0678084611709799,0.08694693510829751,-0.24359164376480646,0.8235294117647058
elasticnet,F,46,0.06738451771829798,0.08872169855320407,-0.19442896390650333,0.6304347826086957
elasticnet,FCX,46,0.1421614668710003,0.18549023128947775,0.29440166218079666,0.6304347826086957
elasticnet,GE,45,0.33973208767527957,0.5744132997628456,-0.2504128318696499,0.5111111111111111
elasticnet,GIS,28,0.04366157029038858,0.057095974751769626,-0.7659205101421764,0.75
elasticnet,GM,46,0.09591087711449466,0.13698778527460967,-0.49131995972286857,0.5869565217391305
elasticnet,GOOGL,38,0.06985671359672384,0.09414455496107188,-0.19226929955919014,0.9736842105263158
elasticnet,GS,46,0.1059679594431965,0.13692641564441452,0.15782578455830198,0.6521739130434783
elasticnet,HAL,46,0.13308128463652324,0.17793808237699352,0.39109475958055817,0.6956521739130435
elasticnet,HD,47,0.05355521969821111,0.06832138126663953,-0.42873469369030004,0.7872340425531915
elasticnet,HON,46,0.07382881775148899,0.08921893272720456,-0.4239053722768673,0.4782608695652174
elasticnet,INTC,19,0.07934604223525805,0.09666934603194664,-3.9158634695252834,0.6842105263157895
elasticnet,JNJ,17,0.06535396397446452,0.09290850555573325,-0.22035737505853503,0.6470588235294118
elasticnet,JPM,46,0.06237136677049754,0.08813551750786038,-0.7676231089822543,0.6739130434782609
elasticnet,KMB,46,0.07180362564761998,0.10898029258628628,-1.110511895059786,0.6521739130434783
elasticnet,KO,13,0.046027056460461235,0.06998444421486667,-0.47034613962050886,0.7692307692307693
elasticnet,LIN,30,0.19968668292568467,0.33032291478104836,-0.07190349327627099,0.8
elasticnet,LLY,46,0.10609865716258504,0.14461904030617379,0.08124047817405788,0.7608695652173914
elasticnet,LMT,46,0.0607322395356467,0.07566204358524568,-0.7578676771880526,0.6086956521739131
elasticnet,LOW,47,0.0686741491732985,0.085304945049398,-0.22168527069755206,0.7446808510638298
elasticnet,MA,38,0.1068851971749599,0.14132541053612235,0.05871430478210815,0.9736842105263158
elasticnet,MCD,46,0.08248711216836434,0.1053850824725507,-0.7848796260270579,0.41304347826086957
elasticnet,MDLZ,46,0.0570119494249454,0.07283550772194185,0.1695026778551636,0.8043478260869565
elasticnet,META,46,0.12937753847033812,0.17172169697344428,-0.1597220790914733,0.9565217391304348
elasticnet,MO,46,0.049264562618300645,0.06365249041301531,-6.430551077553647,0.391304347826087
elasticnet,MRK,26,0.13554354720193645,0.1792781712713789,-0.780546875451243,0.8076923076923077
elasticnet,MS,46,0.09378791834949833,0.11484279101544785,-0.12077414219113392,0.717391304347826
elasticnet,MSFT,46,0.0647594908411164,0.07988019474738693,-0.24606419200786922,0.7608695652173914
elasticnet,NEM,30,0.16337442627750381,0.21039458181245002,-0.20420550097440016,0.6666666666666666
elasticnet,NFLX,46,0.0656164221145168,0.08301737342290959,0.18465814217795418,1.0
elasticnet,NKE,46,0.07677541104167972,0.09775826897512405,-0.6154813452204213,0.7391304347826086
elasticnet,NVDA,47,0.3285915391333482,0.4973589476527394,-0.056950754740761056,0.8936170212765957
elasticnet,O,30,0.12705428749631778,0.17065125504915557,0.006783280236462352,1.0
elasticnet,ORCL,38,0.1986872334684592,0.29114489256670345,-0.25108623314861167,0.8421052631578947
elasticnet,OXY,46,0.21677364631179555,0.25331176521719534,0.15865231751411735,0.6086956521739131
elasticnet,PEP,46,0.045741903728615266,0.05948686606671233,-0.5997974871430423,0.7608695652173914
elasticnet,PFE,9,0.15702294642494435,0.2035721567321969,-0.40551174390287126,0.4444444444444444
elasticnet,PG,46,0.040376137565381824,0.05304482940496382,0.005940635624191448,0.8478260869565217
elasticnet,PLD,30,0.1553406134849965,0.19283697667795308,-0.9590901940786718,1.0
elasticnet,PSA,46,0.05392626843374407,0.07743410827971088,-0.5755758954783115,1.0
elasticnet,RTX,46,0.08916122962680416,0.1231649922954781,0.0016976873148470961,0.5869565217391305
elasticnet,SBUX,24,0.06697485018721942,0.10056913876457296,-0.3436556538571598,0.8333333333333334
elasticnet,SCCO,33,0.10070313068523083,0.123085665093295,0.11279114715210459,0.5757575757575758
elasticnet,SHW,46,0.05337306955158219,0.07308181425267667,0.2726270732172238,0.9347826086956522
elasticnet,SLB,46,0.09707983946622939,0.13257899622853225,0.3648979971998435,0.7608695652173914
elasticnet,SPG,46,0.05838212935865162,0.07819194914670545,-0.22214760555102564,0.8478260869565217
elasticnet,T,46,0.09189118865921593,0.1297038133978402,-0.6420197485248051,0.6956521739130435
elasticnet,TMO,18,0.05999274281853073,0.08781137664898588,-0.10048233771073378,1.0
elasticnet,TMUS,46,0.1054505853011596,0.13844260487673946,0.13579728812712077,0.8695652173913043
elasticnet,TSLA,46,0.24469620133943693,0.3265508356433079,-0.11550577499352443,0.9347826086956522
elasticnet,TTWO,46,0.2255589958401349,0.28692422802140666,-0.19101065895681324,0.8260869565217391
elasticnet,UNH,46,0.08104569428752816,0.09819017203101234,-3.52745882816639,0.8695652173913043
elasticnet,UNP,46,0.06746603824852525,0.08284140561266032,0.025360471432327558,0.6739130434782609
elasticnet,UPS,46,0.0453833773649336,0.05619134047111858,0.30569748237309613,0.7608695652173914
elasticnet,USB,46,0.05698783613806424,0.07106775776272047,-1.4961475092234284,0.717391304347826
elasticnet,V,46,0.0872753483177901,0.10642328082201827,-1.1220911680302788,0.8478260869565217
elasticnet,VLO,30,0.2572657802048499,0.3344240426620302,0.20279158239142536,0.43333333333333335
elasticnet,VZ,46,0.047781861807252246,0.06146283476736829,-3.8424049987042803,0.7391304347826086
elasticnet,WBD,46,0.24005776493645123,0.4732572658608676,0.02620027721958662,0.717391304347826
elasticnet,WFC,46,0.059641974877592235,0.078169495086147,-1.6021399865029236,0.41304347826086957
elasticnet,WMB,46,0.16070159550686122,0.22993707510618666,0.08383981773845195,0.6304347826086957
elasticnet,WMT,47,0.04632328005371497,0.054772281564856175,-5.006329865689001,0.5957446808510638
elasticnet,XOM,30,0.1812384550091006,0.2459235358270138,0.19374073545792625,0.6333333333333333
ensemble,AAPL,30,0.08866400118119432,0.12298215555997513,-0.2987991896479134,0.8666666666666667
ensemble,ABBV,46,0.08132234350573249,0.11412241571384943,0.07055826741159821,0.8043478260869565
ensemble,ABT,46,0.07535643362434706,0.10448596162290476,0.004017947643123798,0.717391304347826
ensemble,ADBE,39,0.04292205436847102,0.05243811868604214,0.277197945309272,1.0
ensemble,AMGN,46,0.04134744266546611,0.054881941469185395,-0.11849452119217063,0.8913043478260869
ensemble,AMT,46,0.5281890242144894,0.8765356347792911,-0.05096061598769297,0.7391304347826086
ensemble,AMZN,46,0.06708650096273165,0.08574575207918785,0.16719301041530454,1.0
ensemble,APD,46,0.08394584970272403,0.10304527623927444,0.1270453390308054,0.6304347826086957
ensemble,AVB,42,0.4310516354586464,0.5961703937359238,-0.4990017432027618,0.5238095238095238
ensemble,BA,46,0.10499789656753677,0.14718329472563052,-0.08713469564202247,0.6086956521739131
ensemble,BAC,46,0.03326837477629576,0.04204612170786726,0.14166846327329374,0.782608695652174
ensemble,BKNG,46,0.1656482408889739,0.2645168596758239,0.31273081447900986,0.9347826086956522
ensemble,BKR,34,0.12723786050968514,0.1839777206746497,0.041608853624055864,0.7647058823529411
ensemble,BMY,46,0.09196267252029318,0.1454419882527443,0.08541858482705966,0.7391304347826086
ensemble,BRK.B,46,0.07387652551246028,0.09550830560194236,-0.17577415601228363,0.6304347826086957
ensemble,C,45,0.038051504410116545,0.047864285669743184,-0.240162463265851,0.7111111111111111
ensemble,CAT,46,0.09712823188025899,0.11962379529470399,0.3323280943064826,0.7391304347826086
ensemble,CCI,46,0.6264006506011931,0.7851235356735158,-0.2786279352805374,0.5434782608695652
ensemble,CHTR,46,0.23546301560072957,0.5813538498552973,-0.029626658060353694,0.9347826086956522
ensemble,CL,46,0.030299744636550288,0.03836485175026873,0.23104559552446657,0.7391304347826086
ensemble,CMCSA,46,0.048928099611758216,0.06467818455863705,-0.24929026367206086,0.8478260869565217
ensemble,COP,46,0.3225586669079931,0.5353005111536873,-0.007813981899375655,0.6304347826086957
ensemble,COST,47,0.029128019858154483,0.03859144144778509,0.20622258083651812,1.0
ensemble,CRM,47,0.046756863389202485,0.05843453696162821,0.37836340134972346,1.0
ensemble,CSCO,39,0.0453483683669498,0.05853710521640819,-0.28926989680018034,0.6410256410256411
ensemble,CVX,46,0.18830762944492502,0.2510170191181641,0.2613296772462844,0.8043478260869565
ensemble,DD,26,0.29123173956408577,0.3554134750613516,-1.9109860595254324,0.19230769230769232
ensemble,DE,31,0.11077935889559162,0.13249338734637886,0.2923864443262285,0.7741935483870968
ensemble,DIS,7,0.0504350937643314,0.07459664739469936,0.5038675419982451,1.0
ensemble,DLR,46,0.0743902452939681,0.09339844614973435,-0.543368826527276,1.0
ensemble,DOW,26,0.11839495693262274,0.1558679917602011,0.34122612325722346,0.7692307692307693
ensemble,EA,46,0.0922187620506816,0.11141067548783296,-0.8393393957423256,0.6739130434782609
ensemble,ECL,46,0.05482577453637506,0.07472899076705737,-0.19018708947619611,0.6739130434782609
ensemble,EOG,46,0.24126028114229964,0.2960297078147415,0.285794835625375,0.7391304347826086
ensemble,EQIX,46,0.057364286488907366,0.0817687401851879,-0.3866482216437499,1.0
ensemble,EQR,22,0.051873922983804895,0.06937849870164807,-0.5602719977149924,0.6818181818181818
ensemble,ETN,34,0.062979605205434,0.08107436949508065,-0.08127559205014157,0.7647058823529411
ensemble,F,46,0.061086607924189316,0.08749249290781301,-0.16156151030830368,0.6521739130434783
ensemble,FCX,46,0.16772261060631105,0.20916725076946316,0.10277195509698189,0.5652173913043478
ensemble,GE,45,0.32117937397362517,0.5029553521069212,0.04134284929760579,0.6
ensemble,GIS,28,0.04217814808184213,0.04945825402786742,-0.32506666656391414,0.7142857142857143
ensemble,GM,46,0.08314685210008373,0.12265009542694859,-0.1954816729305826,0.5652173913043478
ensemble,GOOGL,38,0.08330795220291312,0.10554269236858578,-0.4984431995030185,1.0
ensemble,GS,46,0.12041378331225801,0.1561243824483382,-0.09488606491584783,0.6956521739130435
ensemble,HAL,46,0.1317340002011723,0.1720231338426592,0.4309038988209196,0.8260869565217391
ensemble,HD,47,0.03560029988940182,0.056541693544076115,0.021465956350575466,0.8936170212765957
ensemble,HON,46,0.0653218018399244,0.08148246336551915,-0.1876688916010627,0.5652173913043478
ensemble,INTC,19,0.07770153185310795,0.11069938957661703,-5.446332514021064,0.631578947368421
ensemble,JNJ,17,0.0750021675455892,0.10114176717193078,-0.44622930059876276,0.6470588235294118
ensemble,JPM,46,0.05014141264128489,0.06994388637437479,-0.11323607788424184,0.6956521739130435
ensemble,KMB,46,0.05350583887117014,0.09184202839037914,-0.4989073831185389,0.6739130434782609
ensemble,KO,13,0.04166783661447655,0.06923327309504256,-0.438951902038045,0.7692307692307693
ensemble,LIN,30,0.17540365817529696,0.31269648160644054,0.03944050034864044,0.8
ensemble,LLY,46,0.09803888234607747,0.1368891652216297,0.17683091290643294,0.782608695652174
ensemble,LMT,46,0.043825351722150345,0.05873382185569343,-0.05926974875049362,0.7391304347826086
ensemble,LOW,47,0.05590791489314958,0.07883664352784507,-0.043439263003034245,0.851063829787234
ensemble,MA,38,0.10751756610827447,0.15675996643378162,-0.15811389136974352,0.9473684210526315
ensemble,MCD,46,0.07145084004997353,0.09007055785139323,-0.3038161548626066,0.4782608695652174
ensemble,MDLZ,46,0.043160766104575844,0.056382640113989795,0.502328525956669,0.8260869565217391
ensemble,META,46,0.12900374151083585,0.1602002993953184,-0.009323137615021793,0.9565217391304348
ensemble,MO,46,0.03346308792795151,0.04250281918089272,-2.3130325168609835,0.4782608695652174
ensemble,MRK,26,0.12124941513190035,0.15507300693754686,-0.3322048205809749,0.7307692307692307
ensemble,MS,46,0.10269979492357754,0.130571409520688,-0.44879457191863614,0.6304347826086957
ensemble,MSFT,46,0.06138590352432858,0.07284475028531294,-0.03623606573610472,0.8695652173913043
ensemble,NEM,30,0.16013030422607955,0.20844824375101872,-0.182028599851767,0.6666666666666666
ensemble,NFLX,46,0.06451036657711132,0.08693254856402444,0.10594016502110204,1.0
ensemble,NKE,46,0.06498575631843934,0.09496130892933613,-0.5243627448607764,0.782608695652174
ensemble,NVDA,47,0.335678376666687,0.4956865072619237,-0.04985441077582187,0.851063829787234
ensemble,O,30,0.13198188807637373,0.19578804569124236,-0.307366617246271,0.9666666666666667
ensemble,ORCL,38,0.16329512553897624,0.2716111996821079,-0.08884043657633334,0.7631578947368421
ensemble,OXY,46,0.22376139556330243,0.27414653485559515,0.014559738719167714,0.5434782608695652
ensemble,PEP,46,0.031682598936045005,0.0392144623372136,0.30479104022672787,0.782608695652174
ensemble,PFE,9,0.16300603642818662,0.19422418783569906,-0.2793941229062651,0.7777777777777778
ensemble,PG,46,0.032740985067055715,0.04516488335861784,0.2793440233323897,0.8260869565217391
ensemble,PLD,30,0.15195753698650993,0.18419432489234897,-0.7874186846117386,0.9666666666666667
ensemble,PSA,46,0.08703169667218136,0.10571372930307972,-1.9365507637029085,0.9347826086956522
ensemble,RTX,46,0.08663849050573198,0.1329152137136014,-0.16261761035276368,0.6739130434782609
ensemble,SBUX,24,0.06984451665180093,0.10090363558660723,-0.3526086188169071,0.75
ensemble,SCCO,33,0.11772118908431901,0.14992652496666403,-0.31633934713821765,0.5151515151515151
ensemble,SHW,46,0.05637355084370681,0.07828251244181209,0.16541994154447248,0.9782608695652174
ensemble,SLB,46,0.0991464160873317,0.13944136051726788,0.29744997739741486,0.7391304347826086
ensemble,SPG,46,0.05351790647352846,0.07155657089347907,-0.023525396926696196,0.8695652173913043
ensemble,T,46,0.0868771402002806,0.12734684488550663,-0.58288464147388,0.6739130434782609
ensemble,TMO,18,0.05602848448032335,0.08565240969222629,-0.04703373913864728,1.0
ensemble,TMUS,46,0.0951723790766433,0.15113324931522285,-0.029902564778104157,0.8913043478260869
ensemble,TSLA,46,0.2373180156466772,0.3091734634446969,5.837755717097437e-05,0.9347826086956522
ensemble,TTWO,46,0.26616961031280617,0.36236901777856206,-0.899692561431956,0.7608695652173914
ensemble,UNH,46,0.043184010915842154,0.0626927752049027,-0.8456674703628977,1.0
ensemble,UNP,46,0.0634074441576574,0.08089676787520948,0.07058122066812056,0.6304347826086957
ensemble,UPS,46,0.0467147558284936,0.059419796996497486,0.22362367669413186,0.8260869565217391
ensemble,USB,46,0.035143516173450344,0.05155912406049874,-0.3138206407781956,0.8260869565217391
ensemble,V,46,0.06266710172589025,0.08283381026815322,-0.2856004897289355,0.9130434782608695
ensemble,VLO,30,0.25181263255849645,0.3340768596612509,0.20444597027608502,0.6666666666666666
ensemble,VZ,46,0.03907948742610744,0.0482441744778637,-1.9834976121032066,0.717391304347826
ensemble,WBD,46,0.2494640965213871,0.4820003907270118,-0.01011273485539732,0.717391304347826
ensemble,WFC,46,0.0438021091300167,0.05899688050618295,-0.48222502134799305,0.45652173913043476
ensemble,WMB,46,0.15568461382497628,0.22463555453220266,0.12559949574835672,0.5869565217391305
ensemble,WMT,47,0.032273165969059076,0.0428232717827006,-2.671531056238309,0.9148936170212766
ensemble,XOM,30,0.18291608706803536,0.241783491462371,0.22065847196917943,0.7666666666666667
extra_trees,AAPL,30,0.09812747984253316,0.11781680664128025,-0.19198914870056005,0.8666666666666667
extra_trees,ABBV,46,0.0801448675961346,0.11881273379609468,-0.007409945574957222,0.8913043478260869
extra_trees,ABT,46,0.07388876158247254,0.10431269045924232,0.00731852265350641,0.8695652173913043
extra_trees,ADBE,39,0.048408040643825215,0.06497451071790465,-0.10971436944566015,1.0
extra_trees,AMGN,46,0.041363936870558636,0.04988030422817875,0.0760826646607421,0.9347826086956522
extra_trees,AMT,46,0.47228723708006665,0.8523672599476786,0.0061958459420687895,0.6304347826086957
extra_trees,AMZN,46,0.08340816767502082,0.10967028599469922,-0.362376317756681,1.0
extra_trees,APD,46,0.08392984286497182,0.1013954047457376,0.15477553573702363,0.6086956521739131
extra_trees,AVB,42,0.3311444266130956,0.5119812328242426,-0.10552714776497729,0.6190476190476191
extra_trees,BA,46,0.09911561659739272,0.14776569013742175,-0.09575517003446143,0.6304347826086957
extra_trees,BAC,46,0.03791228887626883,0.04594729136137047,-0.02499798634461503,0.6521739130434783
extra_trees,BKNG,46,0.16993044825184286,0.3021489479727975,0.10326870000510713,0.9130434782608695
extra_trees,BKR,34,0.12425244049718141,0.19687484590152118,-0.09747032859543259,0.7352941176470589
extra_trees,BMY,46,0.08740211150751043,0.14719427408757507,0.0632480659403194,0.8043478260869565
extra_trees,BRK.B,46,0.07088335534882392,0.09359694507137421,-0.12918467952540835,0.6521739130434783
extra_trees,C,45,0.03803927233612178,0.047967745241335645,-0.24552952741521228,0.6888888888888889
extra_trees,CAT,46,0.11232510099509221,0.13252929924797038,0.1804947287671762,0.5869565217391305
extra_trees,CCI,46,0.49748263524025843,0.7247552999185928,-0.08955961006132984,0.5217391304347826
extra_trees,CHTR,46,0.24749229398113237,0.5972708985328002,-0.08677936083979176,0.9565217391304348
extra_trees,CL,46,0.03018066551269399,0.03821258897174942,0.2371371500873628,0.7391304347826086
extra_trees,CMCSA,46,0.057577576078746626,0.0713173040785108,-0.5189292598391217,0.8478260869565217
extra_trees,COP,46,0.3384898053558258,0.5201128623385008,0.04856253006438771,0.5652173913043478
extra_trees,COST,47,0.0367550291769948,0.04991652090621707,-0.3280222633434078,1.0
extra_trees,CRM,47,0.05706277487755226,0.07166568447375198,0.06498222348146077,1.0
extra_trees,CSCO,39,0.059486898449499746,0.07571023982144613,-1.1567042912822636,0.6410256410256411
extra_trees,CVX,46,0.2283112815516524,0.28770717209421276,0.029611386992313138,0.391304347826087
extra_trees,DD,26,0.255588495968864,0.3328895511746754,-1.5537164488622106,0.19230769230769232
extra_trees,DE,31,0.11471772012885648,0.13804331094037683,0.2318633774605472,0.7419354838709677
extra_trees,DIS,7,0.06402926602429357,0.08961155235439229,0.28404286226607944,1.0
extra_trees,DLR,46,0.06827776845179527,0.08450976986081263,-0.26358441292087287,1.0
extra_trees,DOW,26,0.17230440853183934,0.19488351648142063,-0.02984699066084673,0.2692307692307692
extra_trees,EA,46,0.0904889423563648,0.10671421175057741,-0.6875349637172743,0.717391304347826
extra_trees,ECL,46,0.05240786791998464,0.0720454644861813,-0.10624237989887075,0.6521739130434783
extra_trees,EOG,46,0.2890667726069119,0.35347241046625577,-0.01827114273749242,0.4782608695652174
extra_trees,EQIX,46,0.0510097611040041,0.07222934434981013,-0.08197949676286398,1.0
extra_trees,EQR,22,0.06771489513623238,0.08596979532335842,-1.395754453832958,0.7272727272727273
extra_trees,ETN,34,0.057576743334373084,0.07461254040213358,0.08421633226736358,0.8529411764705882
extra_trees,F,46,0.05709987208307221,0.07811937158878467,0.07398480540212615,0.6956521739130435
extra_trees,FCX,46,0.1752245870039992,0.22231586685488688,-0.013576150540407506,0.5434782608695652
extra_trees,GE,45,0.3360389369599031,0.5381619706498477,-0.09756552720347988,0.3333333333333333
extra_trees,GIS,28,0.039229127013751856,0.048188164611599076,-0.2578849983649292,0.6785714285714286
extra_trees,GM,46,0.08834623404957444,0.11213059233052483,0.0007932149938378874,0.43478260869565216
extra_trees,GOOGL,38,0.07822844690564713,0.10532648214966765,-0.49231019530364906,1.0
extra_trees,GS,46,0.11878955372428138,0.1501528362955579,-0.012732020362965057,0.6521739130434783
extra_trees,HAL,46,0.16595706274135624,0.21188667165944897,0.13658581759501665,0.6521739130434783
extra_trees,HD,47,0.04037791527755581,0.05982337120362944,-0.0954185241190375,0.8936170212765957
extra_trees,HON,46,0.06626093748352789,0.08771660446193012,-0.37635575908861996,0.5434782608695652
extra_trees,INTC,19,0.07370381343032124,0.08563725374695526,-2.857871116989238,0.6842105263157895
extra_trees,JNJ,17,0.05085101612640614,0.08925249993301555,-0.12620346701248097,0.8235294117647058
extra_trees,JPM,46,0.043738506189190916,0.06112729112160534,0.14972765598135118,0.7608695652173914
extra_trees,KMB,46,0.05400439919861943,0.0968413319953942,-0.6665309120249314,0.6739130434782609
extra_trees,KO,13,0.04648366488513368,0.07077439499192945,-0.5037265949961023,0.7692307692307693
extra_trees,LIN,30,0.17384697403115443,0.32352721523248323,-0.028252848209743053,0.8
extra_trees,LLY,46,0.10134511214180118,0.14031061217236798,0.13516762014092865,0.8260869565217391
extra_trees,LMT,46,0.04382324869834083,0.06056497653982819,-0.12634945435966016,0.7391304347826086
extra_trees,LOW,47,0.06190678790116734,0.0799649210361886,-0.07351952609506407,0.8085106382978723
extra_trees,MA,38,0.11698661339964138,0.16467240060705793,-0.2779756550493191,0.9736842105263158
extra_trees,MCD,46,0.08000005604138569,0.09229332798727265,-0.3689615981396732,0.391304347826087
extra_trees,MDLZ,46,0.05187662562721987,0.06762826313982856,0.2840076202358064,0.7391304347826086
extra_trees,META,46,0.15807904175657161,0.19707817770338792,-0.5274980274222723,0.9565217391304348
extra_trees,MO,46,0.03680056269256427,0.04471593407570385,-2.667033166512364,0.34782608695652173
extra_trees,MRK,26,0.10442325727690813,0.13858407533938016,-0.06395985471087018,0.8076923076923077
extra_trees,MS,46,0.09405644985756739,0.11237061766995458,-0.0730406177316314,0.6956521739130435
extra_trees,MSFT,46,0.05304175752882847,0.06503404985601666,0.17406896545373296,0.8913043478260869
extra_trees,NEM,30,0.15720156140945593,0.20462028603268922,-0.1390135188647612,0.7
extra_trees,NFLX,46,0.06949659380657627,0.0848789932460737,0.14768093947212613,1.0
extra_trees,NKE,46,0.062192951186807656,0.08157366273102978,-0.12485066038626647,0.7391304347826086
extra_trees,NVDA,47,0.37124253549218733,0.5470514027759074,-0.27870732886862526,0.8936170212765957
extra_trees,O,30,0.1371389014528277,0.20775702935276813,-0.4720972528608718,1.0
extra_trees,ORCL,38,0.17412562527296852,0.27562031395535874,-0.12122130023695132,0.8421052631578947
extra_trees,OXY,46,0.24553820569180457,0.2869768730609339,-0.07983793039950138,0.391304347826087
extra_trees,PEP,46,0.03163064582987259,0.03939814787294894,0.29826289200134903,0.7608695652173914
extra_trees,PFE,9,0.16208078264972292,0.1871383118284356,-0.1877448007415914,0.5555555555555556
extra_trees,PG,46,0.03483461117099707,0.05009529270695824,0.1134156846906248,0.8478260869565217
extra_trees,PLD,30,0.12723734351029145,0.16470101177288415,-0.4291122342682283,1.0
extra_trees,PSA,46,0.048314560892975485,0.06486832047851224,-0.10570693218996885,0.9782608695652174
extra_trees,RTX,46,0.08416252062465439,0.12218498716632537,0.0175211629930504,0.6521739130434783
extra_trees,SBUX,24,0.059720288585783675,0.08461066377967384,0.04893822657353086,0.7916666666666666
extra_trees,SCCO,33,0.105412244406115,0.13704564088878082,-0.09987002332107298,0.696969696969697
extra_trees,SHW,46,0.05658116462462343,0.0822176858182802,0.07940420023527939,0.9565217391304348
extra_trees,SLB,46,0.11081304860981032,0.147501231913773,0.2138863740293201,0.6739130434782609
extra_trees,SPG,46,0.04828094706210294,0.06968404314508414,0.029341940910571518,0.8478260869565217
extra_trees,T,46,0.10235904345187155,0.1365605597222996,-0.8202182424727884,0.6739130434782609
extra_trees,TMO,18,0.0653230205473536,0.09433585345722303,-0.2700916792813175,1.0
extra_trees,TMUS,46,0.10087109190932235,0.14571613539719105,0.04260448291172103,0.8695652173913043
extra_trees,TSLA,46,0.2822625828214564,0.3660013020992119,-0.4013140776874753,0.9347826086956522
extra_trees,TTWO,46,0.20610447079424296,0.2835122978557489,-0.16285351090570677,0.8043478260869565
extra_trees,UNH,46,0.04712293996663157,0.06654347411766234,-1.079358679472675,1.0
extra_trees,UNP,46,0.0689132571685984,0.0840983084434624,-0.004439131163148424,0.6086956521739131
extra_trees,UPS,46,0.048642368314375004,0.06203000308530584,0.1539158476093887,0.8043478260869565
extra_trees,USB,46,0.037232707643255876,0.047563319079957055,-0.11807085236556913,0.8260869565217391
extra_trees,V,46,0.06565443943761781,0.08604358977863705,-0.3871639493174932,0.9130434782608695
extra_trees,VLO,30,0.2822424519527985,0.3674655630870463,0.03747907043733534,0.3333333333333333
extra_trees,VZ,46,0.06060514912462603,0.06607994418463206,-4.597257290091396,0.717391304347826
extra_trees,WBD,46,0.2511297571861561,0.48419327394052936,-0.019324752357211095,0.717391304347826
extra_trees,WFC,46,0.04945090789592719,0.06406272005089492,-0.7476996205700424,0.5434782608695652
extra_trees,WMB,46,0.17666888195264593,0.2540993393049508,-0.11882066431359672,0.4782608695652174
extra_trees,WMT,47,0.01475062712080672,0.018143881704681175,0.34090513644328024,0.8723404255319149
extra_trees,XOM,30,0.20697871885281358,0.2640429476572771,0.07055504580325378,0.43333333333333335
hist_gbm,AAPL,30,0.09935244319548274,0.12942097962697174,-0.43835859526719134,0.8666666666666667
hist_gbm,ABBV,46,0.07934163590562025,0.1143067706338531,0.06755297605909372,0.8478260869565217
hist_gbm,ABT,46,0.07187954578518027,0.10058424492833994,0.0770130841606963,0.782608695652174
hist_gbm,ADBE,39,0.05532599386759789,0.06728292821612818,-0.18996706719399303,1.0
hist_gbm,AMGN,46,0.04474228730846306,0.06016844680948992,-0.3443505524485453,0.8913043478260869
hist_gbm,AMT,46,0.4788847238787515,0.880414013274804,-0.060281493344864545,0.717391304347826
hist_gbm,AMZN,46,0.0711890782208178,0.09219660966893423,0.03717128092133393,1.0
hist_gbm,APD,46,0.08513303343908535,0.10323731830880592,0.12378851364048904,0.6086956521739131
hist_gbm,AVB,42,0.4213070078007513,0.5997012470411391,-0.5168101705865531,0.47619047619047616
hist_gbm,BA,46,0.09729797065933275,0.13769043664434483,0.04857650970452798,0.5652173913043478
hist_gbm,BAC,46,0.03555071140624456,0.04477487710439361,0.02664337670017436,0.8043478260869565
hist_gbm,BKNG,46,0.15607721444862707,0.24336838946747325,0.4182337912086854,0.9130434782608695
hist_gbm,BKR,34,0.132701970620815,0.18290925164660285,0.05270843382297552,0.7058823529411765
hist_gbm,BMY,46,0.09163115417491845,0.14480911859200246,0.09336060392764634,0.7608695652173914
hist_gbm,BRK.B,46,0.0733930455849678,0.09342279490072265,-0.12498657756287535,0.6956521739130435
hist_gbm,C,45,0.04033890430547728,0.05108335869049424,-0.41258407727774404,0.6444444444444445
hist_gbm,CAT,46,0.1072817981446985,0.12546287882330803,0.2655564095332341,0.6739130434782609
hist_gbm,CCI,46,0.5783353207742042,0.7650131714618442,-0.2139645954063909,0.5652173913043478
hist_gbm,CHTR,46,0.22913912346965953,0.5853711259155131,-0.04390569260464683,0.9347826086956522
hist_gbm,CL,46,0.03325057140241581,0.04279035494894702,0.04341114170744986,0.6956521739130435
hist_gbm,CMCSA,46,0.04866688929717166,0.06486025262299748,-0.2563336277988044,0.8478260869565217
hist_gbm,COP,46,0.32722915777243783,0.5484686791576919,-0.058007452116112024,0.6304347826086957
hist_gbm,COST,47,0.029595646647596858,0.039215643672198486,0.18033680433952737,1.0
hist_gbm,CRM,47,0.05981131832596733,0.07721462529386372,-0.0854166967289578,1.0
hist_gbm,CSCO,39,0.053275667884471946,0.07011376486242131,-0.8496430901151872,0.5897435897435898
hist_gbm,CVX,46,0.18784087921811002,0.24959861300444808,0.26965400777728166,0.7608695652173914
hist_gbm,DD,26,0.311888398888649,0.3686002711054912,-2.1310041785877845,0.23076923076923078
hist_gbm,DE,31,0.11730076554894339,0.1401847806327207,0.20784627304133463,0.7741935483870968
hist_gbm,DIS,7,0.05135117526774498,0.07311261890607475,0.5234113415940715,1.0
hist_gbm,DLR,46,0.07523023138121569,0.09652716501654969,-0.6485021747079553,0.9565217391304348
hist_gbm,DOW,26,0.12743552818397966,0.1619109922391683,0.2891545990539922,0.7307692307692307
hist_gbm,EA,46,0.09167808243756805,0.11333921720984079,-0.9035692283166032,0.6304347826086957
hist_gbm,ECL,46,0.05397635353354592,0.07379127556252912,-0.16050505411654625,0.6739130434782609
hist_gbm,EOG,46,0.25116189481797024,0.3074800544939993,0.2294757845536488,0.6956521739130435
hist_gbm,EQIX,46,0.06244330435181123,0.08319578210500235,-0.43547060431066065,1.0
hist_gbm,EQR,22,0.06070696559706974,0.07943200491480709,-1.0452272371310616,0.6818181818181818
hist_gbm,ETN,34,0.06259653894755988,0.08216392419107382,-0.11053330152915564,0.8823529411764706
hist_gbm,F,46,0.06520260960325469,0.0916724889324026,-0.2752010927810682,0.6956521739130435
hist_gbm,FCX,46,0.16658787984587156,0.21339199259807393,0.06616165874495694,0.6086956521739131
hist_gbm,GE,45,0.31956552555690154,0.5295530440264906,-0.06273108951949324,0.6222222222222222
hist_gbm,GIS,28,0.049715335751994605,0.05817187467563408,-0.8331005465041641,0.7142857142857143
hist_gbm,GM,46,0.09012751176537724,0.13553299688326645,-0.45981299291818956,0.5217391304347826
hist_gbm,GOOGL,38,0.06699850794762092,0.09125131461976688,-0.12011395350489251,1.0
hist_gbm,GS,46,0.11858952517654797,0.15239272300433102,-0.043171995742683045,0.6956521739130435
hist_gbm,HAL,46,0.13902626794667378,0.17917000916869558,0.3826342505962388,0.782608695652174
hist_gbm,HD,47,0.03818627040643015,0.05682410468617646,0.011666495273799149,0.8723404255319149
hist_gbm,HON,46,0.06517658867346748,0.08293735344022386,-0.2304597917333202,0.5869565217391305
hist_gbm,INTC,19,0.08856639200314383,0.1292484315521206,-7.787651279419009,0.5789473684210527
hist_gbm,JNJ,17,0.07031642846359781,0.09625724929096811,-0.3099145763278546,0.6470588235294118
hist_gbm,JPM,46,0.049657789030244225,0.0665567619712744,-0.008026902947533943,0.7391304347826086
hist_gbm,KMB,46,0.06243200683876624,0.10506943544439022,-0.9617545229874782,0.6956521739130435
hist_gbm,KO,13,0.04791440197184422,0.07613384922674077,-0.7400916583403072,0.6923076923076923
hist_gbm,LIN,30,0.18849902403199437,0.3261698403161202,-0.045119339001200354,0.7666666666666667
hist_gbm,LLY,46,0.09369500253693418,0.1317158681135776,0.23787343517360127,0.782608695652174
hist_gbm,LMT,46,0.04351300212642602,0.060153305368302566,-0.1110894890098022,0.8043478260869565
hist_gbm,LOW,47,0.058804082797126865,0.08168018780073544,-0.12006796958378252,0.8085106382978723
hist_gbm,MA,38,0.10898766436180783,0.1599694044097889,-0.20602081381391013,0.9473684210526315
hist_gbm,MCD,46,0.07029417837016606,0.08727147338816056,-0.2240390383765436,0.41304347826086957
hist_gbm,MDLZ,46,0.04726480528217977,0.06471678858803008,0.3443291905896061,0.8260869565217391
hist_gbm,META,46,0.15394804482444527,0.19442224107782693,-0.4866045991192429,0.9347826086956522
hist_gbm,MO,46,0.03939457127312441,0.04867885176972561,-3.345811399118591,0.43478260869565216
hist_gbm,MRK,26,0.12783946208466465,0.16136582411882233,-0.4425195415690544,0.6538461538461539
hist_gbm,MS,46,0.10183412816673801,0.13116108384394007,-0.4619099400506541,0.6086956521739131
hist_gbm,MSFT,46,0.06578181661159317,0.07737148691910323,-0.16902573612137806,0.8695652173913043
hist_gbm,NEM,30,0.16302156659720124,0.21380861901812673,-0.24360345732770794,0.6666666666666666
hist_gbm,NFLX,46,0.07178714051983653,0.09704956384166495,-0.11426614930191059,1.0
hist_gbm,NKE,46,0.06801154930185038,0.09188045261506322,-0.4270565838238376,0.6956521739130435
hist_gbm,NVDA,47,0.3411268890453057,0.4943029259138955,-0.04400179329556608,0.8085106382978723
hist_gbm,O,30,0.13197305187349223,0.1862370533080635,-0.1829250579781816,0.9666666666666667
hist_gbm,ORCL,38,0.1716440737297727,0.2815479155930038,-0.16996676855794446,0.7631578947368421
hist_gbm,OXY,46,0.232642682554318,0.28525312027256056,-0.0669045997909481,0.5652173913043478
hist_gbm,PEP,46,0.030326560396752668,0.03919182829348595,0.30559333855919857,0.7391304347826086
hist_gbm,PFE,9,0.2105542542365053,0.23888049747680795,-0.9353481998153197,0.6666666666666666
hist_gbm,PG,46,0.033666731505493624,0.04745159793154281,0.20452251767252205,0.8695652173913043
hist_gbm,PLD,30,0.14718657103243218,0.17908397840885554,-0.6896131097712259,0.9333333333333333
hist_gbm,PSA,46,0.07018052897502587,0.08376444250923329,-0.8437164472437915,0.8478260869565217
hist_gbm,RTX,46,0.08327255092735257,0.13401214230806777,-0.1818866003628865,0.6956521739130435
hist_gbm,SBUX,24,0.06695318399547047,0.09660562854259706,-0.23983354611920715,0.75
hist_gbm,SCCO,33,0.1224272060501483,0.151058351297054,-0.3362890017060165,0.5454545454545454
hist_gbm,SHW,46,0.060414065770904204,0.08515629388820863,0.012420659340018347,0.9782608695652174
hist_gbm,SLB,46,0.10114007234312568,0.13674292498434581,0.3243780357841396,0.8043478260869565
hist_gbm,SPG,46,0.05579785822651515,0.07776153265588003,-0.20872973615363422,0.8695652173913043
hist_gbm,T,46,0.08522119479294107,0.12540365154512914,-0.5349465304412073,0.6739130434782609
hist_gbm,TMO,18,0.06361504558712933,0.09222155652178046,-0.21379795403325752,1.0
hist_gbm,TMUS,46,0.09640342104263519,0.15505833850359507,-0.0840925315618819,0.8478260869565217
hist_gbm,TSLA,46,0.24408173837334501,0.32434915774263595,-0.1005145102294045,0.9347826086956522
hist_gbm,TTWO,46,0.24870279422504374,0.356271916876249,-0.8363031764180935,0.7608695652173914
hist_gbm,UNH,46,0.04907757754773333,0.06886875524987744,-1.227219061390176,1.0
hist_gbm,UNP,46,0.07154882579821592,0.08660952837541404,-0.0653209069856282,0.5434782608695652
hist_gbm,UPS,46,0.04954501809144262,0.06322112232820874,0.12111033466854271,0.8260869565217391
hist_gbm,USB,46,0.03401531384709943,0.05166978372409386,-0.31946631348562127,0.782608695652174
hist_gbm,V,46,0.06275608850519468,0.08371595714817184,-0.31312855468358003,0.9130434782608695
hist_gbm,VLO,30,0.2515967738627115,0.3291406636437354,0.2277819092539637,0.6333333333333333
hist_gbm,VZ,46,0.035927973843751536,0.04712989814926347,-1.8472718744119225,0.7391304347826086
hist_gbm,WBD,46,0.25243930249906305,0.49475019330518166,-0.06425821453397518,0.7608695652173914
hist_gbm,WFC,46,0.04251987992864663,0.05905914971677497,-0.4853555492463193,0.5652173913043478
hist_gbm,WMB,46,0.15359621470125903,0.22743974453595275,0.10363245161666201,0.6304347826086957
hist_gbm,WMT,47,0.029629409547939727,0.040066358516393674,-2.2140102787194453,0.9361702127659575
hist_gbm,XOM,30,0.1830628916463415,0.2395840531911355,0.23477289443571736,0.7333333333333333
lightgbm,AAPL,30,0.09125031720569958,0.12354797984020824,-0.31077788172662335,0.8333333333333334
lightgbm,ABBV,46,0.08096624042918804,0.11345995791690287,0.08131739592866805,0.8043478260869565
lightgbm,ABT,46,0.0774046110982542,0.10741950994029437,-0.05269354013587635,0.6739130434782609
lightgbm,ADBE,39,0.06233539391765685,0.08082535258455495,-0.7171980621260536,1.0
lightgbm,AMGN,46,0.04374713200081232,0.05774614202455247,-0.23828575754113168,0.8695652173913043
lightgbm,AMT,46,0.5347753239233025,0.8813658705997442,-0.0625753738545698,0.6739130434782609
lightgbm,AMZN,46,0.06548231784672633,0.08593669641304424,0.16347978078247782,1.0
lightgbm,APD,46,0.08567620153312959,0.10817726502650062,0.03792815094578095,0.6304347826086957
lightgbm,AVB,42,0.44115030424714036,0.6039903856906702,-0.5385845935710794,0.5238095238095238
lightgbm,BA,46,0.09923138315100753,0.14211466826430424,-0.013547546578996927,0.6739130434782609
lightgbm,BAC,46,0.037450687095822145,0.04712214133586229,-0.0780855337625237,0.7391304347826086
lightgbm,BKNG,46,0.1652987123775358,0.2666914450419241,0.3013843260887453,0.8913043478260869
lightgbm,BKR,34,0.13521041982700013,0.1967876934605385,-0.09649888862220335,0.7941176470588235
lightgbm,BMY,46,0.09141050279024868,0.14529165586866907,0.08730827499280314,0.8260869565217391
lightgbm,BRK.B,46,0.07731307859673985,0.09809162119615183,-0.24023920003397925,0.6304347826086957
lightgbm,C,45,0.04370341046095516,0.05397663567813962,-0.577128362875778,0.6888888888888889
lightgbm,CAT,46,0.0952940934397583,0.11711525676579218,0.36003695238229527,0.7608695652173914
lightgbm,CCI,46,0.6291118426502161,0.8034728672822634,-0.33909265163845803,0.5869565217391305
lightgbm,CHTR,46,0.24211356694955838,0.58348735603747,-0.03719776366015326,0.9347826086956522
lightgbm,CL,46,0.0307734216447717,0.038850708399791066,0.21144602669366852,0.7391304347826086
lightgbm,CMCSA,46,0.05282185856862334,0.0677857702835846,-0.372223282838968,0.8695652173913043
lightgbm,COP,46,0.3268034788009124,0.5502705478590234,-0.06497055535913399,0.6086956521739131
lightgbm,COST,47,0.02927021044463692,0.040103062693865404,0.14282040971415244,0.9787234042553191
lightgbm,CRM,47,0.057417906512202944,0.07305000976013118,0.02851093171841168,1.0
lightgbm,CSCO,39,0.04515624130232975,0.058031642809351004,-0.2671005778315425,0.6153846153846154
lightgbm,CVX,46,0.18924677857028077,0.25476145147447793,0.2391277516298348,0.782608695652174
lightgbm,DD,26,0.2966078670921457,0.3707383389115472,-2.167432336242924,0.19230769230769232
lightgbm,DE,31,0.1129242989198742,0.13646342004030337,0.24934524529836644,0.7419354838709677
lightgbm,DIS,7,0.04545322528417174,0.0643472495430424,0.6308362933019916,1.0
lightgbm,DLR,46,0.08329662577873546,0.10129742029450792,-0.8154621249659726,0.9782608695652174
lightgbm,DOW,26,0.11815810863745206,0.15979715694569085,0.30759437739923456,0.7692307692307693
lightgbm,EA,46,0.0934114984669218,0.11034792158331216,-0.8044156005451046,0.5869565217391305
lightgbm,ECL,46,0.05933888107123281,0.08199570459700373,-0.43291096221892045,0.6739130434782609
lightgbm,EOG,46,0.233376984739614,0.2864880461968965,0.3310935180768646,0.7391304347826086
lightgbm,EQIX,46,0.06724120660029216,0.08922283268945125,-0.6509871779861494,1.0
lightgbm,EQR,22,0.05163950831216868,0.06555639251048305,-0.39309461144929236,0.6363636363636364
lightgbm,ETN,34,0.06738395604253082,0.08690358663516594,-0.24235193679438138,0.7647058823529411
lightgbm,F,46,0.0605832586211184,0.0958001353793224,-0.39262079655143944,0.782608695652174
lightgbm,FCX,46,0.1657767902570281,0.20710921742360955,0.12034106388727783,0.6086956521739131
lightgbm,GE,45,0.3194745459379087,0.507040955902548,0.02570487544377864,0.5777777777777777
lightgbm,GIS,28,0.043391166052332585,0.053758873935872774,-0.5655267529645298,0.75
lightgbm,GM,46,0.08366317216560944,0.12778782213978612,-0.29773518302174207,0.6956521739130435
lightgbm,GOOGL,38,0.08948266583391484,0.11047562231103326,-0.6417871828416559,1.0
lightgbm,GS,46,0.12848269979176385,0.1630298785683291,-0.19388328374087083,0.6739130434782609
lightgbm,HAL,46,0.1187480498663579,0.15711755224146146,0.5252540056969238,0.8260869565217391
lightgbm,HD,47,0.03928289893747368,0.058059929107232386,-0.031790006595942666,0.8936170212765957
lightgbm,HON,46,0.0681077112418718,0.08537566591988115,-0.3038729914838989,0.5434782608695652
lightgbm,INTC,19,0.07525972079319929,0.10656443181012488,-4.973746632034463,0.6842105263157895
lightgbm,JNJ,17,0.08631575468345766,0.10966871248344229,-0.7003627054820523,0.47058823529411764
lightgbm,JPM,46,0.0541249227225606,0.07275428274900728,-0.2044946628378954,0.7608695652173914
lightgbm,KMB,46,0.05341145912355631,0.09060866869491725,-0.4589196169112386,0.6521739130434783
lightgbm,KO,13,0.04763668510034848,0.0734152257066295,-0.6180384076826446,0.7692307692307693
lightgbm,LIN,30,0.16685054610407718,0.30274775238610446,0.09959035744054878,0.7666666666666667
lightgbm,LLY,46,0.10071855590999033,0.1391050988039961,0.1499646229192314,0.7391304347826086
lightgbm,LMT,46,0.04664004890206989,0.06158786566819861,-0.1647168380787205,0.782608695652174
lightgbm,LOW,47,0.05537049971893033,0.08216473016562117,-0.13339629699317568,0.851063829787234
lightgbm,MA,38,0.11032575803758263,0.1627085551934635,-0.2476757227314348,0.9210526315789473
lightgbm,MCD,46,0.07301317774336272,0.09216402866525339,-0.3651285622901439,0.4782608695652174
lightgbm,MDLZ,46,0.04220880947589779,0.05237921140581208,0.5704933980169957,0.8260869565217391
lightgbm,META,46,0.1376285044026184,0.17014994615519619,-0.13858960443886947,0.9565217391304348
lightgbm,MO,46,0.0346886597127627,0.0464981517936906,-2.9651681163029617,0.5434782608695652
lightgbm,MRK,26,0.1217017242680247,0.1501628730874184,-0.24917626195730436,0.7307692307692307
lightgbm,MS,46,0.11232843119195178,0.14172967829043526,-0.7069949178770492,0.5869565217391305
lightgbm,MSFT,46,0.05872416152517489,0.07216814879471277,-0.01707578927584774,0.8695652173913043
lightgbm,NEM,30,0.15895278838930044,0.20703185774681557,-0.16601963100026174,0.6666666666666666
lightgbm,NFLX,46,0.07457759323211223,0.1095598707286654,-0.42005375174855497,1.0
lightgbm,NKE,46,0.06722859875777504,0.10041827530534903,-0.7045920468049702,0.7391304347826086
lightgbm,NVDA,47,0.34364990463693784,0.49844833727343696,-0.06158600742999343,0.8297872340425532
lightgbm,O,30,0.1422309001160756,0.20396614885965655,-0.41886553781449476,0.9333333333333333
lightgbm,ORCL,38,0.17347818434548498,0.2749669753394006,-0.11591204746095451,0.7631578947368421
lightgbm,OXY,46,0.22750132412330634,0.2823938915375414,-0.04562359958402373,0.6304347826086957
lightgbm,PEP,46,0.034763436047082846,0.0443558809591281,0.1105424018026725,0.7608695652173914
lightgbm,PFE,9,0.18127772981144022,0.24472632712240922,-1.031230026531229,0.7777777777777778
lightgbm,PG,46,0.03262899343370225,0.043129202454286926,0.3428431165998027,0.8043478260869565
lightgbm,PLD,30,0.17039198399127764,0.19938658271858595,-1.0944290987855627,0.9666666666666667
lightgbm,PSA,46,0.08002408691566192,0.10035307793052088,-1.6462819811848757,0.9130434782608695
lightgbm,RTX,46,0.09076122808101293,0.137754319530472,-0.24881458082643682,0.6739130434782609
lightgbm,SBUX,24,0.07486018623689056,0.10363851821685578,-0.4269242275520053,0.7083333333333334
lightgbm,SCCO,33,0.12668139575049386,0.16101061505958414,-0.5181683432472513,0.48484848484848486
lightgbm,SHW,46,0.057863008046701865,0.08085293408784307,0.10971293923382774,0.9782608695652174
lightgbm,SLB,46,0.0951584685215321,0.13015914196841022,0.38787039657277755,0.8043478260869565
lightgbm,SPG,46,0.05546959471188102,0.0746403983008976,-0.1136468148413865,0.8913043478260869
lightgbm,T,46,0.10521038958101049,0.14773245598081192,-1.1302212954735702,0.6304347826086957
lightgbm,TMO,18,0.05534104255328518,0.08598945221112039,-0.05529011420997132,1.0
lightgbm,TMUS,46,0.11076749124822716,0.16288863305350662,-0.19634835816595464,0.8913043478260869
lightgbm,TSLA,46,0.2359212265465781,0.3082934458058387,0.0057426552911382656,0.9347826086956522
lightgbm,TTWO,46,0.29086002931259575,0.39741015022695825,-1.2848574758633893,0.7391304347826086
lightgbm,UNH,46,0.04889855676731064,0.07151973604827705,-1.4019849045980113,1.0
lightgbm,UNP,46,0.06649149890900007,0.08324523108248114,0.015835196925294226,0.6304347826086957
lightgbm,UPS,46,0.04802696478009176,0.06092670819401298,0.1837458852127869,0.8043478260869565
lightgbm,USB,46,0.03587051647608053,0.05232271260032185,-0.3530240684906192,0.8260869565217391
lightgbm,V,46,0.0611595373332319,0.08062749415380367,-0.2180274511201974,0.9130434782608695
lightgbm,VLO,30,0.2603970694488062,0.3378300367566684,0.18647030193110659,0.6
lightgbm,VZ,46,0.04421497942910225,0.05303340319083177,-2.605246215950448,0.6956521739130435
lightgbm,WBD,46,0.25051853875324187,0.47630664144685286,0.013610727897512387,0.7391304347826086
lightgbm,WFC,46,0.043973304960303626,0.059525839787939926,-0.5089230930948907,0.5
lightgbm,WMB,46,0.16901617927082838,0.23650553321770482,0.03074953266507141,0.5652173913043478
lightgbm,WMT,47,0.034251753387179694,0.04617377715344348,-3.2685298315759264,0.8936170212765957
lightgbm,XOM,30,0.185261752147813,0.24766975538713662,0.18225013758750708,0.7666666666666667
random_forest,AAPL,30,0.09132288878198036,0.11711754949029096,-0.17788193467840396,0.8666666666666667
random_forest,ABBV,46,0.07681465029438628,0.11337579407989046,0.08267983562456915,0.9130434782608695
random_forest,ABT,46,0.0734524358508097,0.10582405490713007,-0.021655368746216208,0.8695652173913043
random_forest,ADBE,39,0.0380578345543048,0.05003874952622901,0.34183001909813304,1.0
random_forest,AMGN,46,0.03845551102192412,0.049693287537477246,0.08299778065469265,0.9347826086956522
random_forest,AMT,46,0.47586822957277813,0.8524966739421901,0.005894046624086435,0.6086956521739131
random_forest,AMZN,46,0.062431535188958144,0.08035571868841522,0.26860377737077223,1.0
random_forest,APD,46,0.07803829768597594,0.09504262447478587,0.2573702332101825,0.6086956521739131
random_forest,AVB,42,0.3394331383584061,0.5161721424369017,-0.12370018548769535,0.5952380952380952
random_forest,BA,46,0.1036743312853015,0.1455866593338985,-0.06367628567863548,0.5652173913043478
random_forest,BAC,46,0.039363407453084545,0.04624095372860256,-0.03814197048894963,0.6739130434782609
random_forest,BKNG,46,0.16090725665841935,0.2817367373245306,0.22033665327768326,0.9347826086956522
random_forest,BKR,34,0.12507846024557964,0.18929422440684768,-0.014581762991064728,0.7352941176470589
random_forest,BMY,46,0.08339004206075376,0.1413625692244229,0.13600421117194283,0.8043478260869565
random_forest,BRK.B,46,0.07227376644282499,0.09420202081004109,-0.14383154070351822,0.6304347826086957
random_forest,C,45,0.0358166288206956,0.04436170108980143,-0.06529969058465324,0.7111111111111111
random_forest,CAT,46,0.10560812380621773,0.12811802576539774,0.234141699468852,0.5434782608695652
random_forest,CCI,46,0.5065669372908629,0.7080468381978579,-0.03990142018748655,0.5217391304347826
random_forest,CHTR,46,0.22570547628454438,0.5872165592845263,-0.05049807469392942,0.9565217391304348
random_forest,CL,46,0.030171516216057955,0.03701958794267229,0.28402690764174265,0.7608695652173914
random_forest,CMCSA,46,0.05049802036515715,0.06400482402620111,-0.2234131057375901,0.8260869565217391
random_forest,COP,46,0.3198208565302629,0.5050997826685186,0.1026963665121261,0.6739130434782609
random_forest,COST,47,0.03190506411870305,0.03932531516895328,0.17574581051169413,1.0
random_forest,CRM,47,0.03479723659239779,0.04489906408164278,0.6329950363925564,1.0
random_forest,CSCO,39,0.04769975210020824,0.06066992034362175,-0.38493122857758144,0.6153846153846154
random_forest,CVX,46,0.20199572109235467,0.26271210870782236,0.190895725009825,0.6739130434782609
random_forest,DD,26,0.25604420995242355,0.33128374954226525,-1.5291384989424195,0.2692307692307692
random_forest,DE,31,0.10852326916344855,0.1307320292677557,0.3110753217023522,0.8064516129032258
random_forest,DIS,7,0.05431657480875296,0.08668067699809248,0.3301098208854454,1.0
random_forest,DLR,46,0.06866904864167743,0.08526948140085479,-0.2864048395497687,1.0
random_forest,DOW,26,0.15089166402332682,0.18174585181163452,0.10432283140149945,0.4230769230769231
random_forest,EA,46,0.09492498927240085,0.11417420566752139,-0.9317203532743852,0.6956521739130435
random_forest,ECL,46,0.05527078715618734,0.07480839829383575,-0.19271783492288064,0.6521739130434783
random_forest,EOG,46,0.2672777843871136,0.33314559924797504,0.09547504175349275,0.6086956521739131
random_forest,EQIX,46,0.045405069144583636,0.06458513921591705,0.13491877629307747,1.0
random_forest,EQR,22,0.061557893831892696,0.0825712430029652,-1.2100808597950858,0.7727272727272727
random_forest,ETN,34,0.05771693863219036,0.07397053399215606,0.09990831943543466,0.7941176470588235
random_forest,F,46,0.05578841060913917,0.07703629823655617,0.09948398172205875,0.6956521739130435
random_forest,FCX,46,0.17353992636844484,0.21929417310786123,0.013789441474511333,0.5652173913043478
random_forest,GE,45,0.31652742008432067,0.5257344828730083,-0.047459824880042634,0.4888888888888889
random_forest,GIS,28,0.044409041643618176,0.051360487659300874,-0.42895464507980363,0.7142857142857143
random_forest,GM,46,0.08995189916838832,0.11936253539381293,-0.13225230119296105,0.4782608695652174
random_forest,GOOGL,38,0.06905948875065744,0.09992977402479432,-0.34330229975319493,1.0
random_forest,GS,46,0.1208169248882781,0.154307787989569,-0.06955507466582778,0.6739130434782609
random_forest,HAL,46,0.15473588200757335,0.19781424156221486,0.24746446820971701,0.6956521739130435
random_forest,HD,47,0.040201789782885536,0.057473969209673945,-0.011068771570471592,0.8936170212765957
random_forest,HON,46,0.06709625565850856,0.08469559969296747,-0.28318352782639855,0.5652173913043478
random_forest,INTC,19,0.05847488861733502,0.0723047639573612,-1.750148066747689,0.6842105263157895
random_forest,JNJ,17,0.04909373720676231,0.08565767425819798,-0.03731017531746761,0.7647058823529411
random_forest,JPM,46,0.04501510330151858,0.06408976053244755,0.06531547891347056,0.717391304347826
random_forest,KMB,46,0.05533931160506751,0.09842629143865043,-0.7215280715092858,0.6739130434782609
random_forest,KO,13,0.055961978012734254,0.07904996422899709,-0.8759441526918021,0.7692307692307693
random_forest,LIN,30,0.17095962667225362,0.31837752566503646,0.004220712773647883,0.7666666666666667
random_forest,LLY,46,0.09585316949547669,0.13269220445267355,0.2265331215104862,0.782608695652174
random_forest,LMT,46,0.04545250841752822,0.061426629348323936,-0.1586263904714298,0.7391304347826086
random_forest,LOW,47,0.05667768744354522,0.07772586828492031,-0.014243159498588565,0.851063829787234
random_forest,MA,38,0.11256012614828918,0.15804249492310965,-0.17714158226480015,0.9210526315789473
random_forest,MCD,46,0.06983164867154393,0.08514908794818797,-0.1652273069857706,0.5434782608695652
random_forest,MDLZ,46,0.047121003279950065,0.06153839624376075,0.40715074246510474,0.7608695652173914
random_forest,META,46,0.1423328632177167,0.17447622327037549,-0.1972258519504968,0.9565217391304348
random_forest,MO,46,0.035015635935351515,0.04170070291887502,-2.1891648941707422,0.3695652173913043
random_forest,MRK,26,0.10592771758036729,0.13915862211952973,-0.07280014708770399,0.7307692307692307
random_forest,MS,46,0.09830093792252849,0.12479381151549582,-0.3234170459884267,0.717391304347826
random_forest,MSFT,46,0.0528673346693355,0.06691107460029835,0.1257045959114491,0.8478260869565217
random_forest,NEM,30,0.1550126476129655,0.20165730903797388,-0.10626567912253271,0.7
random_forest,NFLX,46,0.04896131994238133,0.056749876771324995,0.6189941824694047,1.0
random_forest,NKE,46,0.061117077111651645,0.08623082083493361,-0.2569557299616869,0.782608695652174
random_forest,NVDA,47,0.3630484427833086,0.5354472030784054,-0.22503413711424947,0.8936170212765957
random_forest,O,30,0.12252593829282507,0.1957382165244679,-0.3067012375077709,1.0
random_forest,ORCL,38,0.16730150721680997,0.28083088792626937,-0.1640151683501776,0.8157894736842105
random_forest,OXY,46,0.23975197760251438,0.2800664827780229,-0.028459169966014386,0.4782608695652174
random_forest,PEP,46,0.03261850124899577,0.04021224666791574,0.2689627504105141,0.7608695652173914
random_forest,PFE,9,0.1265525084244502,0.1660407957441022,0.06496614596150319,0.6666666666666666
random_forest,PG,46,0.03218787488862373,0.04536228025901288,0.27303088291482824,0.8695652173913043
random_forest,PLD,30,0.12274669844885946,0.1541519244937176,-0.2519059540965154,1.0
random_forest,PSA,46,0.054655601517822346,0.06965818360890161,-0.2750259284250969,1.0
random_forest,RTX,46,0.0829697526748508,0.12034849288556869,0.04683338813659321,0.6521739130434783
random_forest,SBUX,24,0.06610455533789501,0.09515152171209422,-0.20279052465257652,0.8333333333333334
random_forest,SCCO,33,0.1106462062188955,0.14174370788305135,-0.17657195406851312,0.6060606060606061
random_forest,SHW,46,0.05972295972354684,0.08187846026191198,0.08698518173671799,0.9782608695652174
random_forest,SLB,46,0.10350161870949999,0.14221323881016948,0.26924114996411697,0.6956521739130435
random_forest,SPG,46,0.044964554452789185,0.06754198660719607,0.08809994169736268,0.8913043478260869
random_forest,T,46,0.07260939370307348,0.10832127550305617,-0.1452503069115214,0.7391304347826086
random_forest,TMO,18,0.06466481672378199,0.09576123552859565,-0.3087629340104221,1.0
random_forest,TMUS,46,0.09220745656765346,0.1524682916592832,-0.048178310738068664,0.8695652173913043
random_forest,TSLA,46,0.24359390105246687,0.31852498056812856,-0.06134656784875592,0.9347826086956522
random_forest,TTWO,46,0.21854986416305777,0.2975234952217853,-0.2806302001614074,0.8043478260869565
random_forest,UNH,46,0.04023795474248277,0.05728853358416668,-0.5411818267248716,1.0
random_forest,UNP,46,0.07024420142382946,0.08505445975250549,-0.027408805411919923,0.5434782608695652
random_forest,UPS,46,0.04925549304444539,0.06188479052375495,0.1578725856588843,0.8478260869565217
random_forest,USB,46,0.03169503658098138,0.04551351008115267,-0.02377773481854395,0.8478260869565217
random_forest,V,46,0.05673774332095128,0.08174772934326459,-0.2521090314270362,0.9130434782608695
random_forest,VLO,30,0.26558877432335876,0.3460682811665092,0.14630943319998402,0.43333333333333335
random_forest,VZ,46,0.02965386765316975,0.036210267978131525,-0.6807356557117972,0.717391304347826
random_forest,WBD,46,0.24261262979652876,0.4784386736696086,0.004760461038510133,0.717391304347826
random_forest,WFC,46,0.0427827204632699,0.0571109844695434,-0.38897790076146666,0.45652173913043476
random_forest,WMB,46,0.15965809326648758,0.23155957144327816,0.0708648680641063,0.6739130434782609
random_forest,WMT,47,0.01928172054792104,0.024618989882622046,-0.21346701446277705,0.8723404255319149
random_forest,XOM,30,0.19520293749007708,0.25131092427884155,0.15802874643239506,0.5666666666666667
ridge,AAPL,30,0.09147619229500269,0.1150742952228834,-0.13714135689620277,0.7
ridge,ABBV,46,0.07904742248437695,0.10468214504664534,0.2179662739345053,0.8043478260869565
ridge,ABT,46,0.07741946500680996,0.10409275039461097,0.011500185610636482,0.6086956521739131
ridge,ADBE,39,0.1230874282776749,0.1622554474584785,-5.920281278632392,1.0
ridge,AMGN,46,0.07288794881617798,0.09335615290877479,-2.2363897857235866,0.782608695652174
ridge,AMT,46,0.7207504292156203,1.1304899781935502,-0.7481581591223583,0.6739130434782609
ridge,AMZN,46,0.09486974658410839,0.11755831576747765,-0.5654018561587044,0.9130434782608695
ridge,APD,46,0.10133505664020494,0.12519732749124743,-0.2886222601383499,0.5869565217391305
ridge,AVB,42,0.7422854424804171,1.1599495764863208,-4.6746561304527185,0.6190476190476191
ridge,BA,46,0.11618349338208869,0.14946162433423246,-0.12105187935320671,0.6956521739130435
ridge,BAC,46,0.0699442026529243,0.08512616128753041,-2.5182709516250226,0.6304347826086957
ridge,BKNG,46,0.1969641710909758,0.3175396582314639,0.009587524961609972,0.8913043478260869
ridge,BKR,34,0.15199114689398574,0.19601900655381208,-0.0879493890382903,0.7647058823529411
ridge,BMY,46,0.11932911200189873,0.17009538978287625,-0.25091514830664896,0.6521739130434783
ridge,BRK.B,46,0.09933083226291572,0.12465803835248532,-1.0030057966396915,0.5217391304347826
ridge,C,45,0.06707899207278385,0.08248705200800012,-2.6832142640198358,0.6444444444444445
ridge,CAT,46,0.11026162140733782,0.1370480945127418,0.123657344433308,0.6304347826086957
ridge,CCI,46,0.6234876105298739,0.8031752190056528,-0.3381006958200359,0.6086956521739131
ridge,CHTR,46,0.2739315566922365,0.5772945621120184,-0.015298176110733808,0.8260869565217391
ridge,CL,46,0.057200598806175854,0.07622855283857131,-2.0357701766722625,0.717391304347826
ridge,CMCSA,46,0.08426175167891407,0.10771867887773899,-2.4652115195478586,0.8043478260869565
ridge,COP,46,0.3027145433586062,0.5075151696409821,0.09409403612114675,0.6521739130434783
ridge,COST,47,0.06411259296516449,0.0851856336646629,-2.867670393566435,0.7872340425531915
ridge,CRM,47,0.09258322221701064,0.11526417922479708,-1.418722728435994,1.0
ridge,CSCO,39,0.06831790996246909,0.09353522567737609,-2.2917872259270338,0.5384615384615384
ridge,CVX,46,0.18637936064561436,0.2776860398310379,0.09603334891067561,0.7608695652173914
ridge,DD,26,0.2361963094997381,0.34858578734686596,-1.8002170685000647,0.6538461538461539
ridge,DE,31,0.10816735901621186,0.12969379856900523,0.32197429670623745,0.7096774193548387
ridge,DIS,7,0.12147175180461738,0.14214998918205465,-0.8015763979688573,1.0
ridge,DLR,46,0.07837019084410395,0.08904867716967592,-0.4029602508298229,0.9782608695652174
ridge,DOW,26,0.15970784417220002,0.19411451641840624,-0.021735582227634165,0.5384615384615384
ridge,EA,46,0.1370909100739577,0.17101722041903847,-3.3339904001843355,0.6739130434782609
ridge,ECL,46,0.07935509680272176,0.10148176770083936,-1.1948914561277784,0.6739130434782609
ridge,EOG,46,0.23395459215809952,0.2966988791087265,0.28256228325869825,0.6739130434782609
ridge,EQIX,46,0.0996484618570217,0.12486322859646594,-2.2334102182195967,0.9347826086956522
ridge,EQR,22,0.129724843490901,0.14661238730127493,-5.967738602386972,0.7727272727272727
ridge,ETN,34,0.09098224719857656,0.11061475978294785,-1.0127757940563504,0.7352941176470589
ridge,F,46,0.07704112704396898,0.10013179055178364,-0.521404145618743,0.4782608695652174
ridge,FCX,46,0.15384375885284685,0.1966125873912816,0.20724662337021849,0.6739130434782609
ridge,GE,45,0.33374778054692616,0.5731462665869939,-0.24490262793729833,0.5777777777777777
ridge,GIS,28,0.07272190224733867,0.08194622166355296,-2.6376259178170995,0.7857142857142857
ridge,GM,46,0.11007004573340134,0.15424246855532772,-0.8906671401678639,0.5652173913043478
ridge,GOOGL,38,0.08688834059614066,0.11038519311629595,-0.6391005316696434,1.0
ridge,GS,46,0.11450002957956966,0.13874162598316503,0.13534865552390885,0.782608695652174
ridge,HAL,46,0.12899111053934978,0.16699490791849128,0.46368695921055636,0.717391304347826
ridge,HD,47,0.06821726460899395,0.08734350799002262,-1.3350682346752847,0.7659574468085106
ridge,HON,46,0.08869564269621384,0.10408683177751683,-0.9380218103266666,0.5434782608695652
ridge,INTC,19,0.0838357793888675,0.11082710028486686,-5.461214991388436,0.631578947368421
ridge,JNJ,17,0.07894556739702349,0.0957454935087829,-0.29602316816056495,0.47058823529411764
ridge,JPM,46,0.0690468756567721,0.09359715431483623,-0.9934853230440188,0.6739130434782609
ridge,KMB,46,0.09421435645759609,0.12909828687057906,-1.961643795379676,0.5652173913043478
ridge,KO,13,0.06555753786490627,0.09713261855859436,-1.8323488542324893,0.46153846153846156
ridge,LIN,30,0.17942701799436303,0.2900427281462727,0.17357728636044056,0.6333333333333333
ridge,LLY,46,0.11627352827620027,0.15931886544857926,-0.11502681731315323,0.7391304347826086
ridge,LMT,46,0.08131758180423711,0.10406211416376891,-2.3251813515408286,0.6739130434782609
ridge,LOW,47,0.09975545066763464,0.1281779723899742,-1.7582759794225216,0.723404255319149
ridge,MA,38,0.10776799356735486,0.14518303644018202,0.006626208247942578,0.8947368421052632
ridge,MCD,46,0.08960991663712549,0.12511206667338393,-1.5156432279728271,0.4782608695652174
ridge,MDLZ,46,0.06934819609924098,0.09297638348306236,-0.353309813958705,0.6739130434782609
ridge,META,46,0.12003991361573899,0.15556335290506762,0.04826032856202511,0.9565217391304348
ridge,MO,46,0.07864305290196116,0.09929897048130429,-17.08338443910771,0.45652173913043476
ridge,MRK,26,0.15640523589378275,0.2210576740390326,-1.7071341453556452,0.6923076923076923
ridge,MS,46,0.10204340409287942,0.12367364219776113,-0.2997652672418514,0.6956521739130435
ridge,MSFT,46,0.06825427915700823,0.08405157494615617,-0.37960225992993646,0.8260869565217391
ridge,NEM,30,0.16397164198056188,0.21999175351452685,-0.31657106673316693,0.6666666666666666
ridge,NFLX,46,0.06070238772230644,0.07620887377502356,0.3129112329415926,1.0
ridge,NKE,46,0.09298315200296983,0.11672846917195061,-1.3032894681358487,0.6086956521739131
ridge,NVDA,47,0.33116270745678034,0.4994743536592516,-0.06596088674140876,0.8297872340425532
ridge,O,30,0.183509200242328,0.22642694316072215,-0.7485628838595493,1.0
ridge,ORCL,38,0.21544805738827147,0.3052141131200469,-0.37492217547230844,0.7894736842105263
ridge,OXY,46,0.22398153980063262,0.2650034287365279,0.07919479343245694,0.6521739130434783
ridge,PEP,46,0.06206381334066553,0.0834923090836704,-2.15148885244454,0.7608695652173914
ridge,PFE,9,0.18307629213956964,0.24048635281512057,-0.96145611185897,0.5555555555555556
ridge,PG,46,0.059407136350436,0.07583364744007916,-1.0316556351038946,0.6739130434782609
ridge,PLD,30,0.14791224069921133,0.20277524892259888,-1.1662256270770528,1.0
ridge,PSA,46,0.08158423207232143,0.10465207838220164,-1.8778651543997578,0.8913043478260869
ridge,RTX,46,0.12034502187553316,0.1584848479144629,-0.6529625113443627,0.45652173913043476
ridge,SBUX,24,0.09314599276061042,0.14738728068047263,-1.8858817657387368,0.75
ridge,SCCO,33,0.13251302832551953,0.15671181443685647,-0.4381837959377137,0.6060606060606061
ridge,SHW,46,0.06636679233907306,0.08152418378168909,0.09486905969707038,0.782608695652174
ridge,SLB,46,0.1037414290143524,0.12682233119102232,0.4188536788008622,0.7391304347826086
ridge,SPG,46,0.06676336644028882,0.08960430644833733,-0.6049346303509264,0.6956521739130435
ridge,T,46,0.10153487116635783,0.13167420026193774,-0.6922879611113435,0.6086956521739131
ridge,TMO,18,0.06607237222189305,0.09323748779765571,-0.2406881429333776,1.0
ridge,TMUS,46,0.11929329181389983,0.15313694610936682,-0.05739210759965796,0.8695652173913043
ridge,TSLA,46,0.26858435036179407,0.3254080900129743,-0.10771214060013556,0.9347826086956522
ridge,TTWO,46,0.28107693250704185,0.35071311071457895,-0.7794476151359775,0.8043478260869565
ridge,UNH,46,0.10055522364895006,0.11860755125354465,-5.606069631373046,0.6304347826086957
ridge,UNP,46,0.0841046513843733,0.1089968914573111,-0.6872418042342969,0.5652173913043478
ridge,UPS,46,0.06420049169245359,0.07754416059742832,-0.32223349134988455,0.6739130434782609
ridge,USB,46,0.07990783613669467,0.09434939311090386,-3.399499184238967,0.5869565217391305
ridge,V,46,0.10569813601856723,0.13180192193575946,-2.2548744239799072,0.8043478260869565
ridge,VLO,30,0.3511818229975382,0.40495335275437805,-0.168925650314673,0.43333333333333335
ridge,VZ,46,0.07555866059154887,0.09575859280727375,-10.754155896023228,0.5869565217391305
ridge,WBD,46,0.2522723274778341,0.4827859802482525,-0.01340808758417733,0.717391304347826
ridge,WFC,46,0.06614866089933069,0.08156423243498245,-1.8330585503612449,0.391304347826087
ridge,WMB,46,0.18724283974093964,0.2730245709840281,-0.2916857669624049,0.6521739130434783
ridge,WMT,47,0.07077641725370287,0.08616426154757106,-13.864210823317904,0.5531914893617021
ridge,XOM,30,0.2152718181786537,0.27708164619658365,-0.0235051863933875,0.6
xgboost,AAPL,30,0.09361684064704509,0.1285244673659337,-0.41850030258143067,0.7333333333333333
xgboost,ABBV,46,0.08293414314340343,0.11306658313153273,0.08767664549459486,0.782608695652174
xgboost,ABT,46,0.07478950576010694,0.10363159076833894,0.020239438225637785,0.6956521739130435
xgboost,ADBE,39,0.04519918936873828,0.057175023955322056,0.14071370618967682,1.0
xgboost,AMGN,46,0.04203858001821923,0.05518485614106274,-0.13087540273983,0.8913043478260869
xgboost,AMT,46,0.5710509316076934,0.9068732472624049,-0.12496877703415277,0.7391304347826086
xgboost,AMZN,46,0.06863845786479947,0.0906041300028094,0.07014523114534887,1.0
xgboost,APD,46,0.08614599062637077,0.11834020886892468,-0.15133093927241337,0.6521739130434783
xgboost,AVB,42,0.44614912705773074,0.6273985150363358,-0.6601537131445165,0.5238095238095238
xgboost,BA,46,0.12325363543938132,0.1722878046226937,-0.48961963951397336,0.5869565217391305
xgboost,BAC,46,0.03636834148160078,0.04659492898460345,-0.05409679233392062,0.7608695652173914
xgboost,BKNG,46,0.17515858182538915,0.26514755259618233,0.3094495676128154,0.9130434782608695
xgboost,BKR,34,0.1327514067875174,0.18977573055072522,-0.019749894088145092,0.7058823529411765
xgboost,BMY,46,0.09463842282908361,0.14652354342424134,0.07176574397451241,0.8043478260869565
xgboost,BRK.B,46,0.07413691460266374,0.09904299165074572,-0.2644135148504898,0.6739130434782609
xgboost,C,45,0.03911127481294513,0.0510510153012657,-0.41079589050943865,0.6666666666666666
xgboost,CAT,46,0.09696617245078343,0.12072654647293193,0.319961496899696,0.782608695652174
xgboost,CCI,46,0.6758242000913244,0.8680552062227439,-0.5630140720484633,0.6086956521739131
xgboost,CHTR,46,0.24523424454192294,0.578484121817301,-0.019486686508254136,0.9347826086956522
xgboost,CL,46,0.031151653521694193,0.04236280627504082,0.062431551927240814,0.782608695652174
xgboost,CMCSA,46,0.0485123810356993,0.0656968225917027,-0.2889511070850601,0.8478260869565217
xgboost,COP,46,0.3176506017822007,0.5226653858289506,0.039201001344167374,0.5652173913043478
xgboost,COST,47,0.03288789356202303,0.04386905034797094,-0.025730349502680383,1.0
xgboost,CRM,47,0.05169406902443836,0.06164429717729009,0.30819583502139025,1.0
xgboost,CSCO,39,0.04432076632525849,0.055379238095373,-0.1539189662281477,0.6666666666666666
xgboost,CVX,46,0.18117923871707528,0.24504079838694923,0.29608355290381827,0.8478260869565217
xgboost,DD,26,0.3262991391201569,0.42578687965753076,-3.177888989956263,0.34615384615384615
xgboost,DE,31,0.10810979810744546,0.13111007457042273,0.30708515477122855,0.8064516129032258
xgboost,DIS,7,0.05472542276967788,0.08967274448879353,0.2830647315984395,1.0
xgboost,DLR,46,0.07717856600003413,0.09676700679792251,-0.656704443977612,1.0
xgboost,DOW,26,0.11241192544530268,0.14830983332062128,0.4035660132193417,0.8076923076923077
xgboost,EA,46,0.09347694692243728,0.11501595770709654,-0.9603086584597766,0.6739130434782609
xgboost,ECL,46,0.05892539584731594,0.07920616064193932,-0.3370724038032258,0.6739130434782609
xgboost,EOG,46,0.23225972604873843,0.28645578913556946,0.3312441403661318,0.7391304347826086
xgboost,EQIX,46,0.06574907802549208,0.091366816212548,-0.7312854099362927,0.9782608695652174
xgboost,EQR,22,0.05762259203207596,0.07591403732828642,-0.8680766706094534,0.6363636363636364
xgboost,ETN,34,0.06876817955314377,0.0859243933163332,-0.21451305831493994,0.7352941176470589
xgboost,F,46,0.06334467790697441,0.0884859714208727,-0.18809037306211196,0.6086956521739131
xgboost,FCX,46,0.1723468823288696,0.21159035706620655,0.08186359808734633,0.5869565217391305
xgboost,GE,45,0.34387713199992126,0.5049078552004569,0.03388527188779511,0.6
xgboost,GIS,28,0.03945887038434944,0.04781958311768412,-0.23871597552643498,0.7142857142857143
xgboost,GM,46,0.08023078069790641,0.11894618762365863,-0.12436727166011652,0.6086956521739131
xgboost,GOOGL,38,0.10096630003533603,0.13043082703821762,-1.2884658909876436,0.9736842105263158
xgboost,GS,46,0.12582577251991947,0.16205240517497047,-0.1796099405500471,0.6521739130434783
xgboost,HAL,46,0.13266257776229665,0.173246753573104,0.42277901659634354,0.8260869565217391
xgboost,HD,47,0.03673164040754807,0.05732101412591477,-0.0056944315419269476,0.8936170212765957
xgboost,HON,46,0.06766466782502771,0.0844550276100564,-0.275904289775057,0.5652173913043478
xgboost,INTC,19,0.09732544618121959,0.14452311573539278,-9.98744927217088,0.5789473684210527
xgboost,JNJ,17,0.08801588947399426,0.12108908040184439,-1.0729367127839953,0.4117647058823529
xgboost,JPM,46,0.04921957497175129,0.0710596829919189,-0.14903771612603434,0.6956521739130435
xgboost,KMB,46,0.053717123221367465,0.08724775811434117,-0.35269666015682155,0.6086956521739131
xgboost,KO,13,0.04183678699419291,0.06830557645127923,-0.40064756743866736,0.7692307692307693
xgboost,LIN,30,0.1955399848232472,0.32969757528429794,-0.0678488601887206,0.7666666666666667
xgboost,LLY,46,0.09937514924967879,0.1404399104998031,0.13357297379119792,0.8043478260869565
xgboost,LMT,46,0.04418037305066362,0.06002572647114373,-0.10638147668615883,0.782608695652174
xgboost,LOW,47,0.05698993658553061,0.07873555691547404,-0.04076512284946143,0.8297872340425532
xgboost,MA,38,0.10407911951305719,0.15150629235498236,-0.08178831965216649,0.9210526315789473
xgboost,MCD,46,0.07355695481817022,0.09354787652109031,-0.40643129086118024,0.5
xgboost,MDLZ,46,0.04214562715052738,0.05417143632061938,0.5405982617656421,0.8695652173913043
xgboost,META,46,0.11287795988655061,0.14218331877877216,0.20493822025240105,0.9565217391304348
xgboost,MO,46,0.03888259242505843,0.051254450560249264,-3.8178512615086664,0.5652173913043478
xgboost,MRK,26,0.13247879027521486,0.1732584235458831,-0.6629810544172527,0.6923076923076923
xgboost,MS,46,0.1039105501682804,0.1311228435441857,-0.46105761826075886,0.6521739130434783
xgboost,MSFT,46,0.07021162939505274,0.08268917641456543,-0.3352405674472212,0.8260869565217391
xgboost,NEM,30,0.16243942938273204,0.21084717220250465,-0.20939192767711723,0.6666666666666666
xgboost,NFLX,46,0.07446062262456714,0.108002230549078,-0.3799622663435198,1.0
xgboost,NKE,46,0.06684383682540186,0.09964136852064441,-0.6783182191299362,0.7391304347826086
xgboost,NVDA,47,0.3314585965786001,0.4924516213257452,-0.03619627230094724,0.851063829787234
xgboost,O,30,0.1463957292396409,0.20665250372037694,-0.45648625785477104,0.9666666666666667
xgboost,ORCL,38,0.15955096844401662,0.264522749197098,-0.032749394077582705,0.7631578947368421
xgboost,OXY,46,0.20945886564550004,0.2608906861378393,0.10755403554793641,0.6304347826086957
xgboost,PEP,46,0.03480325853039234,0.04337039449432884,0.1496267780948204,0.8260869565217391
xgboost,PFE,9,0.15955594140604246,0.2220214139712153,-0.6718120515161563,0.7777777777777778
xgboost,PG,46,0.03464608187570186,0.04651950811493429,0.23546664992546507,0.8043478260869565
xgboost,PLD,30,0.15827427076857112,0.19199611014978965,-0.9420422005269764,0.9333333333333333
xgboost,PSA,46,0.13559280686578842,0.1808201979152719,-7.591492308167609,0.9347826086956522
xgboost,RTX,46,0.09391448475958138,0.1495203709606782,-0.47125597939159425,0.6086956521739131
xgboost,SBUX,24,0.07897360349389031,0.11235804687734498,-0.6771306056115463,0.75
xgboost,SCCO,33,0.12438439216679778,0.16226767428683553,-0.5419664929907677,0.5151515151515151
xgboost,SHW,46,0.05775666154430293,0.0813030218363041,0.09977334653812542,0.9782608695652174
xgboost,SLB,46,0.10474271343689213,0.15246907865377501,0.16004198033128414,0.8043478260869565
xgboost,SPG,46,0.058657502688171895,0.07689161291879461,-0.18183684309006587,0.8913043478260869
xgboost,T,46,0.08248565557356544,0.1190216315175401,-0.3826895628982969,0.6521739130434783
xgboost,TMO,18,0.05230092893667888,0.08217649108658927,0.03622270405204042,1.0
xgboost,TMUS,46,0.09584166256394164,0.1524448553848519,-0.047856099394679275,0.8913043478260869
xgboost,TSLA,46,0.23630228328462485,0.3057855965503927,0.021852669658591783,0.9347826086956522
xgboost,TTWO,46,0.2864890840007991,0.3846513612104073,-1.140502561521589,0.8043478260869565
xgboost,UNH,46,0.05102049959137814,0.0833824099312459,-2.2648809796237157,1.0
xgboost,UNP,46,0.06204609985790138,0.0793570841132327,0.10562323877666513,0.6304347826086957
xgboost,UPS,46,0.04953487049402828,0.06202339142696868,0.1540962029514491,0.8043478260869565
xgboost,USB,46,0.038625364737985585,0.05542373720020302,-0.518156813496309,0.8260869565217391
xgboost,V,46,0.06560837807582183,0.08500927201281536,-0.354014594495639,0.8913043478260869
xgboost,VLO,30,0.25283003416204053,0.344052108005742,0.15622755822010648,0.6333333333333333
xgboost,VZ,46,0.040277945157436115,0.04936463496435748,-2.1236890521605543,0.717391304347826
xgboost,WBD,46,0.2543623806578603,0.48383384537309504,-0.017811974419857712,0.717391304347826
xgboost,WFC,46,0.04738738319557371,0.061922454460508786,-0.6328728491127946,0.2826086956521739
xgboost,WMB,46,0.15543171330067476,0.21992714889662532,0.16187056036553393,0.6739130434782609
xgboost,WMT,47,0.043100892170533735,0.06315868837635506,-6.986448960199345,0.8936170212765957
xgboost,XOM,30,0.17958302508909174,0.24428155467076995,0.20447124919533466,0.7333333333333333
